{"test": [{"input": [[5, 5, 5, 5, 0, 5, 0, 0, 3, 0, 3, 3, 3, 3, 3, 3, 0], [5, 0, 5, 0, 5, 5, 0, 0, 0, 3, 0, 3, 3, 3, 0, 0, 0], [5, 5, 0, 5, 5, 0, 0, 0, 0, 0, 0, 3, 3, 3, 3, 0, 0], [0, 0, 0, 5, 5, 5, 0, 0, 3, 3, 0, 3, 3, 0, 3, 0, 0], [5, 5, 5, 5, 5, 5, 0, 0, 0, 3, 0, 3, 3, 3, 0, 3, 3], [5, 5, 5, 5, 5, 5, 0, 0, 3, 3, 0, 0, 0, 3, 0, 0, 3], [0, 0, 0, 0, 0, 0, 0, 0, 0, 0, 0, 0, 0, 0, 0, 0, 0], [0, 0, 0, 0, 0, 0, 0, 0, 0, 0, 0, 0, 0, 0, 0, 0, 0], [0, 0, 0, 0, 0, 0, 0, 0, 0, 0, 0, 0, 0, 0, 0, 0, 0], [0, 0, 0, 0, 0, 0, 0, 0, 0, 0, 0, 0, 0, 0, 0, 0, 0], [3, 0, 0, 0, 0, 3, 0, 0, 3, 3, 3, 0, 3, 0, 3, 0, 3], [0, 3, 3, 0, 0, 3, 0, 0, 0, 3, 0, 3, 3, 3, 0, 0, 0], [3, 3, 3, 3, 3, 0, 0, 0, 3, 0, 0, 0, 3, 0, 0, 0, 3], [3, 0, 3, 0, 3, 0, 0, 0, 0, 3, 3, 3, 3, 3, 3, 0, 3], [0, 3, 3, 0, 0, 0, 0, 0, 0, 0, 3, 3, 3, 0, 3, 3, 0]], "output": [[5, 5, 5, 5, 0, 5], [5, 0, 5, 0, 5, 5], [5, 5, 0, 5, 5, 0], [0, 0, 0, 5, 5, 5], [5, 5, 5, 5, 5, 5], [5, 5, 5, 5, 5, 5]]}], "train": [{"input": [[8, 8, 8, 8, 8, 0, 8, 8, 8, 8, 0, 0, 0, 0, 8, 8, 8, 8, 0, 8, 8], [8, 0, 0, 8, 0, 8, 0, 8, 8, 8, 0, 0, 0, 0, 8, 8, 8, 0, 0, 0, 8], [8, 8, 8, 0, 0, 0, 8, 8, 8, 8, 0, 0, 0, 0, 8, 8, 0, 8, 8, 8, 8], [8, 8, 0, 8, 8, 8, 8, 0, 8, 8, 0, 0, 0, 0, 8, 8, 0, 0, 0, 8, 8], [8, 8, 8, 8, 0, 8, 8, 0, 8, 8, 0, 0, 0, 0, 8, 8, 8, 0, 8, 8, 8], [0, 0, 0, 8, 8, 0, 8, 0, 0, 8, 0, 0, 0, 0, 8, 0, 0, 0, 8, 0, 0], [8, 8, 8, 8, 0, 0, 8, 0, 8, 0, 0, 0, 0, 0, 8, 8, 8, 0, 8, 8, 8], [8, 0, 0, 8, 0, 0, 8, 8, 0, 8, 0, 0, 0, 0, 8, 0, 8, 8, 8, 8, 8], [8, 8, 8, 8, 8, 8, 0, 8, 0, 0, 0, 0, 0, 0, 8, 8, 8, 8, 8, 0, 0], [0, 0, 0, 0, 0, 0, 0, 0, 0, 0, 0, 0, 0, 0, 0, 0, 0, 0, 0, 0, 0], [0, 0, 0, 0, 0, 0, 0, 0, 0, 0, 0, 0, 0, 0, 0, 0, 0, 0, 0, 0, 0], [0, 2, 2, 2, 0, 0, 2, 2, 2, 2, 0, 0, 0, 0, 8, 8, 0, 8, 8, 0, 8], [2, 0, 2, 2, 2, 0, 0, 2, 2, 2, 0, 0, 0, 0, 8, 8, 8, 8, 0, 8, 0], [0, 2, 2, 2, 2, 2, 2, 0, 2, 0, 0, 0, 0, 0, 8, 8, 8, 0, 0, 0, 8], [2, 2, 2, 2, 0, 2, 2, 2, 2, 2, 0, 0, 0, 0, 8, 8, 0, 8, 8, 8, 0], [2, 2, 2, 2, 2, 2, 0, 2, 0, 0, 0, 0, 0, 0, 8, 8, 8, 8, 8, 0, 0], [2, 2, 2, 2, 2, 0, 2, 0, 2, 2, 0, 0, 0, 0, 8, 0, 8, 0, 8, 8, 8], [2, 2, 0, 2, 2, 0, 0, 0, 0, 0, 0, 0, 0, 0, 8, 8, 0, 8, 0, 0, 8], [0, 2, 2, 0, 0, 2, 2, 0, 0, 2, 0, 0, 0, 0, 8, 0, 0, 0, 8, 8, 0], [2, 2, 2, 2, 2, 2, 2, 2, 2, 2, 0, 0, 0, 0, 0, 8, 8, 0, 0, 8, 8], [2, 0, 2, 2, 0, 2, 2, 2, 2, 2, 0, 0, 0, 0, 8, 8, 8, 0, 8, 8, 8]], "output": [[0, 2, 2, 2, 0, 0, 2, 2, 2, 2], [2, 0, 2, 2, 2, 0, 0, 2, 2, 2], [0, 2, 2, 2, 2, 2, 2, 0, 2, 0], [2, 2, 2, 2, 0, 2, 2, 2, 2, 2], [2, 2, 2, 2, 2, 2, 0, 2, 0, 0], [2, 2, 2, 2, 2, 0, 2, 0, 2, 2], [2, 2, 0, 2, 2, 0, 0, 0, 0, 0], [0, 2, 2, 0, 0, 2, 2, 0, 0, 2], [2, 2, 2, 2, 2, 2, 2, 2, 2, 2], [2, 0, 2, 2, 0, 2, 2, 2, 2, 2]]}, {"input": [[2, 0, 2, 2, 2, 2, 0, 0, 0, 0, 2, 0, 2, 2, 2, 2, 0, 0, 2], [2, 2, 2, 2, 0, 2, 2, 0, 0, 0, 0, 2, 2, 2, 2, 2, 0, 0, 0], [0, 0, 2, 2, 0, 2, 0, 0, 0, 0, 2, 2, 2, 0, 2, 2, 2, 2, 2], [2, 0, 2, 0, 2, 2, 0, 0, 0, 0, 0, 2, 2, 2, 2, 2, 2, 0, 0], [0, 2, 0, 2, 2, 2, 2, 0, 0, 0, 0, 0, 0, 2, 2, 0, 2, 2, 2], [2, 2, 2, 0, 2, 0, 2, 0, 0, 0, 2, 0, 2, 2, 2, 2, 0, 2, 0], [0, 0, 0, 0, 0, 0, 0, 0, 0, 0, 0, 0, 0, 0, 0, 0, 0, 0, 0], [0, 0, 0, 0, 0, 0, 0, 0, 0, 0, 0, 0, 0, 0, 0, 0, 0, 0, 0], [0, 0, 0, 0, 0, 0, 0, 0, 0, 0, 0, 0, 0, 0, 0, 0, 0, 0, 0], [0, 0, 0, 0, 0, 0, 0, 0, 0, 0, 0, 0, 0, 0, 0, 0, 0, 0, 0], [0, 0, 0, 0, 0, 0, 0, 0, 0, 0, 0, 0, 0, 0, 0, 0, 0, 0, 0], [2, 0, 2, 0, 0, 0, 2, 0, 0, 0, 0, 3, 3, 3, 3, 3, 0, 3, 3], [0, 2, 2, 0, 0, 2, 2, 0, 0, 0, 3, 3, 3, 0, 0, 0, 3, 3, 0], [0, 2, 2, 0, 0, 2, 0, 0, 0, 0, 3, 3, 3, 0, 3, 0, 3, 0, 0], [2, 2, 2, 0, 0, 2, 2, 0, 0, 0, 3, 3, 0, 0, 0, 3, 3, 3, 3], [2, 0, 0, 2, 2, 2, 0, 0, 0, 0, 3, 0, 0, 0, 3, 0, 3, 0, 3], [2, 0, 2, 0, 0, 0, 2, 0, 0, 0, 0, 3, 3, 0, 3, 3, 3, 0, 3], [0, 2, 2, 0, 2, 2, 0, 0, 0, 0, 0, 3, 3, 0, 0, 3, 0, 3, 0]], "output": [[0, 3, 3, 3, 3, 3, 0, 3, 3], [3, 3, 3, 0, 0, 0, 3, 3, 0], [3, 3, 3, 0, 3, 0, 3, 0, 0], [3, 3, 0, 0, 0, 3, 3, 3, 3], [3, 0, 0, 0, 3, 0, 3, 0, 3], [0, 3, 3, 0, 3, 3, 3, 0, 3], [0, 3, 3, 0, 0, 3, 0, 3, 0]]}, {"input": [[0, 5, 0, 5, 5, 5, 0, 0, 5, 5, 0, 5, 0, 0, 0, 0, 0], [5, 0, 5, 0, 0, 0, 0, 0, 5, 5, 5, 5, 5, 5, 0, 5, 5], [5, 5, 0, 5, 5, 0, 0, 0, 5, 5, 5, 5, 5, 5, 0, 5, 5], [5, 5, 0, 0, 5, 5, 0, 0, 5, 5, 0, 5, 5, 5, 5, 5, 5], [0, 5, 5, 5, 0, 0, 0, 0, 5, 5, 0, 0, 0, 5, 5, 5, 0], [5, 0, 0, 5, 0, 0, 0, 0, 5, 5, 0, 0, 5, 5, 5, 5, 5], [0, 0, 0, 5, 5, 0, 0, 0, 5, 5, 5, 0, 0, 5, 0, 0, 5], [0, 0, 0, 0, 0, 0, 0, 0, 0, 0, 0, 0, 0, 0, 0, 0, 0], [0, 0, 0, 0, 0, 0, 0, 0, 0, 0, 0, 0, 0, 0, 0, 0, 0], [0, 0, 0, 0, 0, 0, 0, 0, 0, 0, 0, 0, 0, 0, 0, 0, 0], [4, 0, 0, 4, 0, 4, 0, 0, 5, 0, 0, 5, 5, 5, 5, 5, 5], [4, 4, 4, 4, 0, 4, 0, 0, 5, 0, 5, 5, 5, 5, 5, 5, 0], [4, 0, 4, 0, 0, 4, 0, 0, 0, 5, 0, 0, 5, 5, 5, 5, 5], [0, 4, 4, 4, 4, 0, 0, 0, 5, 5, 0, 0, 5, 0, 5, 0, 5], [4, 4, 4, 0, 4, 4, 0, 0, 5, 5, 5, 5, 5, 5, 5, 5, 0], [0, 4, 4, 4, 4, 0, 0, 0, 0, 5, 0, 0, 0, 0, 5, 5, 5], [0, 4, 4, 4, 0, 4, 0, 0, 0, 5, 0, 5, 0, 5, 5, 5, 0], [0, 4, 0, 0, 0, 0, 0, 0, 5, 0, 5, 5, 5, 0, 5, 0, 5], [4, 4, 0, 4, 0, 4, 0, 0, 5, 5, 5, 0, 0, 5, 5, 5, 0]], "output": [[4, 0, 0, 4, 0, 4], [4, 4, 4, 4, 0, 4], [4, 0, 4, 0, 0, 4], [0, 4, 4, 4, 4, 0], [4, 4, 4, 0, 4, 4], [0, 4, 4, 4, 4, 0], [0, 4, 4, 4, 0, 4], [0, 4, 0, 0, 0, 0], [4, 4, 0, 4, 0, 4]]}]}