{"test": [{"input": [[1, 1, 1, 1, 0, 1, 0, 0, 3, 0, 3, 3, 3, 3, 3, 3, 0], [1, 0, 1, 0, 1, 1, 0, 0, 0, 3, 0, 3, 3, 3, 0, 0, 0], [1, 1, 0, 1, 1, 0, 0, 0, 0, 0, 0, 3, 3, 3, 3, 0, 0], [0, 0, 0, 1, 1, 1, 0, 0, 3, 3, 0, 3, 3, 0, 3, 0, 0], [1, 1, 1, 1, 1, 1, 0, 0, 0, 3, 0, 3, 3, 3, 0, 3, 3], [1, 1, 1, 1, 1, 1, 0, 0, 3, 3, 0, 0, 0, 3, 0, 0, 3], [0, 0, 0, 0, 0, 0, 0, 0, 0, 0, 0, 0, 0, 0, 0, 0, 0], [0, 0, 0, 0, 0, 0, 0, 0, 0, 0, 0, 0, 0, 0, 0, 0, 0], [0, 0, 0, 0, 0, 0, 0, 0, 0, 0, 0, 0, 0, 0, 0, 0, 0], [0, 0, 0, 0, 0, 0, 0, 0, 0, 0, 0, 0, 0, 0, 0, 0, 0], [3, 0, 0, 0, 0, 3, 0, 0, 3, 3, 3, 0, 3, 0, 3, 0, 3], [0, 3, 3, 0, 0, 3, 0, 0, 0, 3, 0, 3, 3, 3, 0, 0, 0], [3, 3, 3, 3, 3, 0, 0, 0, 3, 0, 0, 0, 3, 0, 0, 0, 3], [3, 0, 3, 0, 3, 0, 0, 0, 0, 3, 3, 3, 3, 3, 3, 0, 3], [0, 3, 3, 0, 0, 0, 0, 0, 0, 0, 3, 3, 3, 0, 3, 3, 0]], "output": [[1, 1, 1, 1, 0, 1], [1, 0, 1, 0, 1, 1], [1, 1, 0, 1, 1, 0], [0, 0, 0, 1, 1, 1], [1, 1, 1, 1, 1, 1], [1, 1, 1, 1, 1, 1]]}], "train": [{"input": [[8, 8, 8, 8, 8, 0, 8, 8, 8, 8, 0, 0, 0, 0, 8, 8, 8, 8, 0, 8, 8], [8, 0, 0, 8, 0, 8, 0, 8, 8, 8, 0, 0, 0, 0, 8, 8, 8, 0, 0, 0, 8], [8, 8, 8, 0, 0, 0, 8, 8, 8, 8, 0, 0, 0, 0, 8, 8, 0, 8, 8, 8, 8], [8, 8, 0, 8, 8, 8, 8, 0, 8, 8, 0, 0, 0, 0, 8, 8, 0, 0, 0, 8, 8], [8, 8, 8, 8, 0, 8, 8, 0, 8, 8, 0, 0, 0, 0, 8, 8, 8, 0, 8, 8, 8], [0, 0, 0, 8, 8, 0, 8, 0, 0, 8, 0, 0, 0, 0, 8, 0, 0, 0, 8, 0, 0], [8, 8, 8, 8, 0, 0, 8, 0, 8, 0, 0, 0, 0, 0, 8, 8, 8, 0, 8, 8, 8], [8, 0, 0, 8, 0, 0, 8, 8, 0, 8, 0, 0, 0, 0, 8, 0, 8, 8, 8, 8, 8], [8, 8, 8, 8, 8, 8, 0, 8, 0, 0, 0, 0, 0, 0, 8, 8, 8, 8, 8, 0, 0], [0, 0, 0, 0, 0, 0, 0, 0, 0, 0, 0, 0, 0, 0, 0, 0, 0, 0, 0, 0, 0], [0, 0, 0, 0, 0, 0, 0, 0, 0, 0, 0, 0, 0, 0, 0, 0, 0, 0, 0, 0, 0], [0, 4, 4, 4, 0, 0, 4, 4, 4, 4, 0, 0, 0, 0, 8, 8, 0, 8, 8, 0, 8], [4, 0, 4, 4, 4, 0, 0, 4, 4, 4, 0, 0, 0, 0, 8, 8, 8, 8, 0, 8, 0], [0, 4, 4, 4, 4, 4, 4, 0, 4, 0, 0, 0, 0, 0, 8, 8, 8, 0, 0, 0, 8], [4, 4, 4, 4, 0, 4, 4, 4, 4, 4, 0, 0, 0, 0, 8, 8, 0, 8, 8, 8, 0], [4, 4, 4, 4, 4, 4, 0, 4, 0, 0, 0, 0, 0, 0, 8, 8, 8, 8, 8, 0, 0], [4, 4, 4, 4, 4, 0, 4, 0, 4, 4, 0, 0, 0, 0, 8, 0, 8, 0, 8, 8, 8], [4, 4, 0, 4, 4, 0, 0, 0, 0, 0, 0, 0, 0, 0, 8, 8, 0, 8, 0, 0, 8], [0, 4, 4, 0, 0, 4, 4, 0, 0, 4, 0, 0, 0, 0, 8, 0, 0, 0, 8, 8, 0], [4, 4, 4, 4, 4, 4, 4, 4, 4, 4, 0, 0, 0, 0, 0, 8, 8, 0, 0, 8, 8], [4, 0, 4, 4, 0, 4, 4, 4, 4, 4, 0, 0, 0, 0, 8, 8, 8, 0, 8, 8, 8]], "output": [[0, 4, 4, 4, 0, 0, 4, 4, 4, 4], [4, 0, 4, 4, 4, 0, 0, 4, 4, 4], [0, 4, 4, 4, 4, 4, 4, 0, 4, 0], [4, 4, 4, 4, 0, 4, 4, 4, 4, 4], [4, 4, 4, 4, 4, 4, 0, 4, 0, 0], [4, 4, 4, 4, 4, 0, 4, 0, 4, 4], [4, 4, 0, 4, 4, 0, 0, 0, 0, 0], [0, 4, 4, 0, 0, 4, 4, 0, 0, 4], [4, 4, 4, 4, 4, 4, 4, 4, 4, 4], [4, 0, 4, 4, 0, 4, 4, 4, 4, 4]]}, {"input": [[4, 0, 4, 4, 4, 4, 0, 0, 0, 0, 4, 0, 4, 4, 4, 4, 0, 0, 4], [4, 4, 4, 4, 0, 4, 4, 0, 0, 0, 0, 4, 4, 4, 4, 4, 0, 0, 0], [0, 0, 4, 4, 0, 4, 0, 0, 0, 0, 4, 4, 4, 0, 4, 4, 4, 4, 4], [4, 0, 4, 0, 4, 4, 0, 0, 0, 0, 0, 4, 4, 4, 4, 4, 4, 0, 0], [0, 4, 0, 4, 4, 4, 4, 0, 0, 0, 0, 0, 0, 4, 4, 0, 4, 4, 4], [4, 4, 4, 0, 4, 0, 4, 0, 0, 0, 4, 0, 4, 4, 4, 4, 0, 4, 0], [0, 0, 0, 0, 0, 0, 0, 0, 0, 0, 0, 0, 0, 0, 0, 0, 0, 0, 0], [0, 0, 0, 0, 0, 0, 0, 0, 0, 0, 0, 0, 0, 0, 0, 0, 0, 0, 0], [0, 0, 0, 0, 0, 0, 0, 0, 0, 0, 0, 0, 0, 0, 0, 0, 0, 0, 0], [0, 0, 0, 0, 0, 0, 0, 0, 0, 0, 0, 0, 0, 0, 0, 0, 0, 0, 0], [0, 0, 0, 0, 0, 0, 0, 0, 0, 0, 0, 0, 0, 0, 0, 0, 0, 0, 0], [4, 0, 4, 0, 0, 0, 4, 0, 0, 0, 0, 3, 3, 3, 3, 3, 0, 3, 3], [0, 4, 4, 0, 0, 4, 4, 0, 0, 0, 3, 3, 3, 0, 0, 0, 3, 3, 0], [0, 4, 4, 0, 0, 4, 0, 0, 0, 0, 3, 3, 3, 0, 3, 0, 3, 0, 0], [4, 4, 4, 0, 0, 4, 4, 0, 0, 0, 3, 3, 0, 0, 0, 3, 3, 3, 3], [4, 0, 0, 4, 4, 4, 0, 0, 0, 0, 3, 0, 0, 0, 3, 0, 3, 0, 3], [4, 0, 4, 0, 0, 0, 4, 0, 0, 0, 0, 3, 3, 0, 3, 3, 3, 0, 3], [0, 4, 4, 0, 4, 4, 0, 0, 0, 0, 0, 3, 3, 0, 0, 3, 0, 3, 0]], "output": [[0, 3, 3, 3, 3, 3, 0, 3, 3], [3, 3, 3, 0, 0, 0, 3, 3, 0], [3, 3, 3, 0, 3, 0, 3, 0, 0], [3, 3, 0, 0, 0, 3, 3, 3, 3], [3, 0, 0, 0, 3, 0, 3, 0, 3], [0, 3, 3, 0, 3, 3, 3, 0, 3], [0, 3, 3, 0, 0, 3, 0, 3, 0]]}, {"input": [[0, 1, 0, 1, 1, 1, 0, 0, 1, 1, 0, 1, 0, 0, 0, 0, 0], [1, 0, 1, 0, 0, 0, 0, 0, 1, 1, 1, 1, 1, 1, 0, 1, 1], [1, 1, 0, 1, 1, 0, 0, 0, 1, 1, 1, 1, 1, 1, 0, 1, 1], [1, 1, 0, 0, 1, 1, 0, 0, 1, 1, 0, 1, 1, 1, 1, 1, 1], [0, 1, 1, 1, 0, 0, 0, 0, 1, 1, 0, 0, 0, 1, 1, 1, 0], [1, 0, 0, 1, 0, 0, 0, 0, 1, 1, 0, 0, 1, 1, 1, 1, 1], [0, 0, 0, 1, 1, 0, 0, 0, 1, 1, 1, 0, 0, 1, 0, 0, 1], [0, 0, 0, 0, 0, 0, 0, 0, 0, 0, 0, 0, 0, 0, 0, 0, 0], [0, 0, 0, 0, 0, 0, 0, 0, 0, 0, 0, 0, 0, 0, 0, 0, 0], [0, 0, 0, 0, 0, 0, 0, 0, 0, 0, 0, 0, 0, 0, 0, 0, 0], [4, 0, 0, 4, 0, 4, 0, 0, 1, 0, 0, 1, 1, 1, 1, 1, 1], [4, 4, 4, 4, 0, 4, 0, 0, 1, 0, 1, 1, 1, 1, 1, 1, 0], [4, 0, 4, 0, 0, 4, 0, 0, 0, 1, 0, 0, 1, 1, 1, 1, 1], [0, 4, 4, 4, 4, 0, 0, 0, 1, 1, 0, 0, 1, 0, 1, 0, 1], [4, 4, 4, 0, 4, 4, 0, 0, 1, 1, 1, 1, 1, 1, 1, 1, 0], [0, 4, 4, 4, 4, 0, 0, 0, 0, 1, 0, 0, 0, 0, 1, 1, 1], [0, 4, 4, 4, 0, 4, 0, 0, 0, 1, 0, 1, 0, 1, 1, 1, 0], [0, 4, 0, 0, 0, 0, 0, 0, 1, 0, 1, 1, 1, 0, 1, 0, 1], [4, 4, 0, 4, 0, 4, 0, 0, 1, 1, 1, 0, 0, 1, 1, 1, 0]], "output": [[4, 0, 0, 4, 0, 4], [4, 4, 4, 4, 0, 4], [4, 0, 4, 0, 0, 4], [0, 4, 4, 4, 4, 0], [4, 4, 4, 0, 4, 4], [0, 4, 4, 4, 4, 0], [0, 4, 4, 4, 0, 4], [0, 4, 0, 0, 0, 0], [4, 4, 0, 4, 0, 4]]}]}