{"test": [{"input": [[7, 7, 7, 7, 0, 7, 0, 0, 3, 0, 3, 3, 3, 3, 3, 3, 0], [7, 0, 7, 0, 7, 7, 0, 0, 0, 3, 0, 3, 3, 3, 0, 0, 0], [7, 7, 0, 7, 7, 0, 0, 0, 0, 0, 0, 3, 3, 3, 3, 0, 0], [0, 0, 0, 7, 7, 7, 0, 0, 3, 3, 0, 3, 3, 0, 3, 0, 0], [7, 7, 7, 7, 7, 7, 0, 0, 0, 3, 0, 3, 3, 3, 0, 3, 3], [7, 7, 7, 7, 7, 7, 0, 0, 3, 3, 0, 0, 0, 3, 0, 0, 3], [0, 0, 0, 0, 0, 0, 0, 0, 0, 0, 0, 0, 0, 0, 0, 0, 0], [0, 0, 0, 0, 0, 0, 0, 0, 0, 0, 0, 0, 0, 0, 0, 0, 0], [0, 0, 0, 0, 0, 0, 0, 0, 0, 0, 0, 0, 0, 0, 0, 0, 0], [0, 0, 0, 0, 0, 0, 0, 0, 0, 0, 0, 0, 0, 0, 0, 0, 0], [3, 0, 0, 0, 0, 3, 0, 0, 3, 3, 3, 0, 3, 0, 3, 0, 3], [0, 3, 3, 0, 0, 3, 0, 0, 0, 3, 0, 3, 3, 3, 0, 0, 0], [3, 3, 3, 3, 3, 0, 0, 0, 3, 0, 0, 0, 3, 0, 0, 0, 3], [3, 0, 3, 0, 3, 0, 0, 0, 0, 3, 3, 3, 3, 3, 3, 0, 3], [0, 3, 3, 0, 0, 0, 0, 0, 0, 0, 3, 3, 3, 0, 3, 3, 0]], "output": [[7, 7, 7, 7, 0, 7], [7, 0, 7, 0, 7, 7], [7, 7, 0, 7, 7, 0], [0, 0, 0, 7, 7, 7], [7, 7, 7, 7, 7, 7], [7, 7, 7, 7, 7, 7]]}], "train": [{"input": [[8, 8, 8, 8, 8, 0, 8, 8, 8, 8, 0, 0, 0, 0, 8, 8, 8, 8, 0, 8, 8], [8, 0, 0, 8, 0, 8, 0, 8, 8, 8, 0, 0, 0, 0, 8, 8, 8, 0, 0, 0, 8], [8, 8, 8, 0, 0, 0, 8, 8, 8, 8, 0, 0, 0, 0, 8, 8, 0, 8, 8, 8, 8], [8, 8, 0, 8, 8, 8, 8, 0, 8, 8, 0, 0, 0, 0, 8, 8, 0, 0, 0, 8, 8], [8, 8, 8, 8, 0, 8, 8, 0, 8, 8, 0, 0, 0, 0, 8, 8, 8, 0, 8, 8, 8], [0, 0, 0, 8, 8, 0, 8, 0, 0, 8, 0, 0, 0, 0, 8, 0, 0, 0, 8, 0, 0], [8, 8, 8, 8, 0, 0, 8, 0, 8, 0, 0, 0, 0, 0, 8, 8, 8, 0, 8, 8, 8], [8, 0, 0, 8, 0, 0, 8, 8, 0, 8, 0, 0, 0, 0, 8, 0, 8, 8, 8, 8, 8], [8, 8, 8, 8, 8, 8, 0, 8, 0, 0, 0, 0, 0, 0, 8, 8, 8, 8, 8, 0, 0], [0, 0, 0, 0, 0, 0, 0, 0, 0, 0, 0, 0, 0, 0, 0, 0, 0, 0, 0, 0, 0], [0, 0, 0, 0, 0, 0, 0, 0, 0, 0, 0, 0, 0, 0, 0, 0, 0, 0, 0, 0, 0], [0, 2, 2, 2, 0, 0, 2, 2, 2, 2, 0, 0, 0, 0, 8, 8, 0, 8, 8, 0, 8], [2, 0, 2, 2, 2, 0, 0, 2, 2, 2, 0, 0, 0, 0, 8, 8, 8, 8, 0, 8, 0], [0, 2, 2, 2, 2, 2, 2, 0, 2, 0, 0, 0, 0, 0, 8, 8, 8, 0, 0, 0, 8], [2, 2, 2, 2, 0, 2, 2, 2, 2, 2, 0, 0, 0, 0, 8, 8, 0, 8, 8, 8, 0], [2, 2, 2, 2, 2, 2, 0, 2, 0, 0, 0, 0, 0, 0, 8, 8, 8, 8, 8, 0, 0], [2, 2, 2, 2, 2, 0, 2, 0, 2, 2, 0, 0, 0, 0, 8, 0, 8, 0, 8, 8, 8], [2, 2, 0, 2, 2, 0, 0, 0, 0, 0, 0, 0, 0, 0, 8, 8, 0, 8, 0, 0, 8], [0, 2, 2, 0, 0, 2, 2, 0, 0, 2, 0, 0, 0, 0, 8, 0, 0, 0, 8, 8, 0], [2, 2, 2, 2, 2, 2, 2, 2, 2, 2, 0, 0, 0, 0, 0, 8, 8, 0, 0, 8, 8], [2, 0, 2, 2, 0, 2, 2, 2, 2, 2, 0, 0, 0, 0, 8, 8, 8, 0, 8, 8, 8]], "output": [[0, 2, 2, 2, 0, 0, 2, 2, 2, 2], [2, 0, 2, 2, 2, 0, 0, 2, 2, 2], [0, 2, 2, 2, 2, 2, 2, 0, 2, 0], [2, 2, 2, 2, 0, 2, 2, 2, 2, 2], [2, 2, 2, 2, 2, 2, 0, 2, 0, 0], [2, 2, 2, 2, 2, 0, 2, 0, 2, 2], [2, 2, 0, 2, 2, 0, 0, 0, 0, 0], [0, 2, 2, 0, 0, 2, 2, 0, 0, 2], [2, 2, 2, 2, 2, 2, 2, 2, 2, 2], [2, 0, 2, 2, 0, 2, 2, 2, 2, 2]]}, {"input": [[2, 0, 2, 2, 2, 2, 0, 0, 0, 0, 2, 0, 2, 2, 2, 2, 0, 0, 2], [2, 2, 2, 2, 0, 2, 2, 0, 0, 0, 0, 2, 2, 2, 2, 2, 0, 0, 0], [0, 0, 2, 2, 0, 2, 0, 0, 0, 0, 2, 2, 2, 0, 2, 2, 2, 2, 2], [2, 0, 2, 0, 2, 2, 0, 0, 0, 0, 0, 2, 2, 2, 2, 2, 2, 0, 0], [0, 2, 0, 2, 2, 2, 2, 0, 0, 0, 0, 0, 0, 2, 2, 0, 2, 2, 2], [2, 2, 2, 0, 2, 0, 2, 0, 0, 0, 2, 0, 2, 2, 2, 2, 0, 2, 0], [0, 0, 0, 0, 0, 0, 0, 0, 0, 0, 0, 0, 0, 0, 0, 0, 0, 0, 0], [0, 0, 0, 0, 0, 0, 0, 0, 0, 0, 0, 0, 0, 0, 0, 0, 0, 0, 0], [0, 0, 0, 0, 0, 0, 0, 0, 0, 0, 0, 0, 0, 0, 0, 0, 0, 0, 0], [0, 0, 0, 0, 0, 0, 0, 0, 0, 0, 0, 0, 0, 0, 0, 0, 0, 0, 0], [0, 0, 0, 0, 0, 0, 0, 0, 0, 0, 0, 0, 0, 0, 0, 0, 0, 0, 0], [2, 0, 2, 0, 0, 0, 2, 0, 0, 0, 0, 3, 3, 3, 3, 3, 0, 3, 3], [0, 2, 2, 0, 0, 2, 2, 0, 0, 0, 3, 3, 3, 0, 0, 0, 3, 3, 0], [0, 2, 2, 0, 0, 2, 0, 0, 0, 0, 3, 3, 3, 0, 3, 0, 3, 0, 0], [2, 2, 2, 0, 0, 2, 2, 0, 0, 0, 3, 3, 0, 0, 0, 3, 3, 3, 3], [2, 0, 0, 2, 2, 2, 0, 0, 0, 0, 3, 0, 0, 0, 3, 0, 3, 0, 3], [2, 0, 2, 0, 0, 0, 2, 0, 0, 0, 0, 3, 3, 0, 3, 3, 3, 0, 3], [0, 2, 2, 0, 2, 2, 0, 0, 0, 0, 0, 3, 3, 0, 0, 3, 0, 3, 0]], "output": [[0, 3, 3, 3, 3, 3, 0, 3, 3], [3, 3, 3, 0, 0, 0, 3, 3, 0], [3, 3, 3, 0, 3, 0, 3, 0, 0], [3, 3, 0, 0, 0, 3, 3, 3, 3], [3, 0, 0, 0, 3, 0, 3, 0, 3], [0, 3, 3, 0, 3, 3, 3, 0, 3], [0, 3, 3, 0, 0, 3, 0, 3, 0]]}, {"input": [[0, 7, 0, 7, 7, 7, 0, 0, 7, 7, 0, 7, 0, 0, 0, 0, 0], [7, 0, 7, 0, 0, 0, 0, 0, 7, 7, 7, 7, 7, 7, 0, 7, 7], [7, 7, 0, 7, 7, 0, 0, 0, 7, 7, 7, 7, 7, 7, 0, 7, 7], [7, 7, 0, 0, 7, 7, 0, 0, 7, 7, 0, 7, 7, 7, 7, 7, 7], [0, 7, 7, 7, 0, 0, 0, 0, 7, 7, 0, 0, 0, 7, 7, 7, 0], [7, 0, 0, 7, 0, 0, 0, 0, 7, 7, 0, 0, 7, 7, 7, 7, 7], [0, 0, 0, 7, 7, 0, 0, 0, 7, 7, 7, 0, 0, 7, 0, 0, 7], [0, 0, 0, 0, 0, 0, 0, 0, 0, 0, 0, 0, 0, 0, 0, 0, 0], [0, 0, 0, 0, 0, 0, 0, 0, 0, 0, 0, 0, 0, 0, 0, 0, 0], [0, 0, 0, 0, 0, 0, 0, 0, 0, 0, 0, 0, 0, 0, 0, 0, 0], [4, 0, 0, 4, 0, 4, 0, 0, 7, 0, 0, 7, 7, 7, 7, 7, 7], [4, 4, 4, 4, 0, 4, 0, 0, 7, 0, 7, 7, 7, 7, 7, 7, 0], [4, 0, 4, 0, 0, 4, 0, 0, 0, 7, 0, 0, 7, 7, 7, 7, 7], [0, 4, 4, 4, 4, 0, 0, 0, 7, 7, 0, 0, 7, 0, 7, 0, 7], [4, 4, 4, 0, 4, 4, 0, 0, 7, 7, 7, 7, 7, 7, 7, 7, 0], [0, 4, 4, 4, 4, 0, 0, 0, 0, 7, 0, 0, 0, 0, 7, 7, 7], [0, 4, 4, 4, 0, 4, 0, 0, 0, 7, 0, 7, 0, 7, 7, 7, 0], [0, 4, 0, 0, 0, 0, 0, 0, 7, 0, 7, 7, 7, 0, 7, 0, 7], [4, 4, 0, 4, 0, 4, 0, 0, 7, 7, 7, 0, 0, 7, 7, 7, 0]], "output": [[4, 0, 0, 4, 0, 4], [4, 4, 4, 4, 0, 4], [4, 0, 4, 0, 0, 4], [0, 4, 4, 4, 4, 0], [4, 4, 4, 0, 4, 4], [0, 4, 4, 4, 4, 0], [0, 4, 4, 4, 0, 4], [0, 4, 0, 0, 0, 0], [4, 4, 0, 4, 0, 4]]}]}