{"test": [{"input": [[0, 0, 0, 7, 1, 1, 7, 0, 0, 7, 0, 7, 0, 0, 0, 7], [0, 1, 0, 7, 7, 1, 0, 1, 1, 2, 7, 1, 1, 2, 0, 2], [0, 0, 7, 7, 1, 1, 7, 7, 1, 1, 7, 0, 7, 0, 0, 1], [1, 0, 1, 0, 7, 0, 1, 7, 1, 0, 1, 1, 7, 7, 7, 0], [7, 0, 7, 3, 3, 3, 3, 3, 3, 3, 3, 3, 3, 3, 0, 2], [1, 0, 7, 3, 2, 0, 7, 1, 1, 1, 0, 1, 0, 3, 0, 0], [0, 7, 7, 3, 7, 1, 0, 7, 2, 7, 1, 2, 7, 3, 1, 7], [1, 0, 7, 3, 7, 2, 0, 2, 0, 1, 1, 7, 1, 3, 7, 7], [0, 7, 0, 3, 0, 1, 7, 7, 1, 1, 7, 1, 7, 3, 2, 1], [1, 0, 0, 3, 0, 1, 7, 7, 0, 7, 0, 2, 0, 3, 7, 1], [0, 7, 7, 3, 0, 7, 7, 2, 7, 7, 7, 7, 7, 3, 7, 7], [1, 1, 1, 3, 7, 0, 2, 0, 0, 0, 0, 7, 7, 3, 7, 0], [1, 7, 0, 3, 0, 2, 7, 7, 1, 2, 0, 0, 2, 3, 7, 1], [7, 1, 1, 3, 3, 3, 3, 3, 3, 3, 3, 3, 3, 3, 0, 2], [7, 1, 0, 0, 0, 0, 7, 7, 0, 1, 2, 7, 7, 7, 1, 7], [7, 1, 0, 0, 1, 1, 7, 0, 1, 2, 7, 1, 0, 1, 2, 0], [7, 0, 7, 2, 7, 0, 7, 2, 0, 1, 7, 1, 7, 1, 7, 7]], "output": [[2, 0, 7, 1, 1, 1, 0, 1, 0], [7, 1, 0, 7, 2, 7, 1, 2, 7], [7, 2, 0, 2, 0, 1, 1, 7, 1], [0, 1, 7, 7, 1, 1, 7, 1, 7], [0, 1, 7, 7, 0, 7, 0, 2, 0], [0, 7, 7, 2, 7, 7, 7, 7, 7], [7, 0, 2, 0, 0, 0, 0, 7, 7], [0, 2, 7, 7, 1, 2, 0, 0, 2]]}], "train": [{"input": [[3, 7, 7, 0, 3, 7, 7, 0, 7, 0, 3, 1, 1, 1, 7, 7, 0, 3, 7, 3, 7], [3, 3, 0, 0, 5, 3, 0, 3, 7, 0, 3, 3, 7, 1, 1, 7, 1, 3, 1, 7, 3], [1, 5, 1, 3, 1, 1, 7, 3, 0, 0, 3, 7, 3, 0, 1, 0, 7, 7, 5, 5, 0], [5, 3, 0, 7, 2, 2, 2, 2, 2, 2, 2, 2, 2, 2, 1, 1, 0, 3, 0, 0, 3], [0, 1, 3, 3, 2, 0, 0, 7, 0, 3, 3, 3, 3, 2, 0, 0, 7, 0, 3, 3, 1], [7, 0, 0, 7, 2, 1, 0, 0, 0, 3, 0, 3, 1, 2, 0, 0, 0, 7, 0, 1, 0], [1, 1, 5, 0, 2, 3, 3, 0, 3, 3, 0, 7, 1, 2, 1, 0, 7, 3, 1, 0, 0], [0, 0, 7, 7, 2, 3, 3, 5, 1, 0, 3, 0, 0, 2, 1, 0, 5, 0, 3, 0, 1], [0, 1, 0, 0, 2, 5, 1, 3, 0, 1, 3, 1, 1, 2, 7, 7, 0, 5, 0, 3, 7], [7, 3, 3, 3, 2, 5, 0, 7, 0, 3, 0, 7, 7, 2, 3, 3, 0, 0, 3, 3, 7], [1, 1, 1, 5, 2, 2, 2, 2, 2, 2, 2, 2, 2, 2, 0, 0, 7, 1, 3, 0, 0], [3, 3, 3, 0, 7, 7, 0, 7, 3, 0, 7, 7, 3, 0, 3, 0, 7, 1, 0, 1, 0], [7, 0, 0, 3, 3, 0, 7, 3, 0, 3, 3, 0, 1, 3, 3, 1, 7, 0, 0, 3, 7], [5, 1, 5, 1, 7, 3, 5, 0, 7, 3, 3, 7, 1, 7, 0, 0, 0, 3, 0, 0, 5], [1, 3, 1, 0, 1, 3, 1, 0, 5, 0, 3, 3, 7, 0, 7, 3, 7, 7, 7, 0, 0], [5, 3, 3, 3, 3, 7, 7, 0, 1, 1, 0, 7, 5, 1, 3, 0, 0, 7, 3, 1, 0], [3, 1, 3, 3, 7, 0, 3, 7, 0, 3, 1, 7, 3, 1, 7, 1, 1, 3, 7, 1, 0], [0, 3, 7, 3, 3, 0, 1, 3, 0, 3, 7, 5, 3, 0, 3, 1, 0, 3, 0, 0, 7], [3, 7, 3, 0, 1, 3, 7, 0, 1, 3, 7, 1, 0, 1, 1, 7, 5, 7, 3, 1, 1], [1, 5, 1, 3, 3, 1, 5, 3, 3, 1, 1, 3, 5, 0, 7, 7, 1, 1, 7, 0, 7], [1, 3, 0, 1, 3, 3, 1, 0, 0, 1, 5, 7, 3, 5, 3, 7, 0, 3, 7, 3, 7], [3, 1, 3, 0, 7, 0, 7, 0, 0, 1, 3, 1, 1, 0, 7, 7, 5, 1, 0, 1, 7], [3, 3, 1, 0, 3, 1, 7, 7, 0, 0, 5, 1, 7, 7, 1, 3, 3, 5, 3, 5, 7]], "output": [[0, 0, 7, 0, 3, 3, 3, 3], [1, 0, 0, 0, 3, 0, 3, 1], [3, 3, 0, 3, 3, 0, 7, 1], [3, 3, 5, 1, 0, 3, 0, 0], [5, 1, 3, 0, 1, 3, 1, 1], [5, 0, 7, 0, 3, 0, 7, 7]]}, {"input": [[0, 6, 9, 6, 6, 0, 6, 3, 6, 9, 6, 6, 6, 9, 9, 0], [9, 9, 0, 6, 6, 0, 0, 9, 3, 6, 6, 6, 9, 9, 0, 6], [6, 0, 9, 0, 0, 6, 0, 6, 6, 0, 3, 0, 0, 6, 0, 0], [9, 6, 6, 9, 9, 9, 6, 3, 6, 9, 9, 6, 6, 3, 6, 6], [6, 6, 0, 0, 6, 6, 9, 0, 0, 3, 0, 0, 0, 0, 0, 9], [9, 9, 6, 0, 0, 9, 0, 0, 3, 9, 3, 0, 0, 0, 9, 0], [3, 6, 4, 4, 4, 4, 4, 6, 0, 0, 0, 9, 0, 0, 0, 9], [9, 0, 4, 3, 3, 0, 4, 0, 0, 6, 0, 0, 9, 6, 9, 3], [9, 0, 4, 9, 3, 9, 4, 9, 0, 0, 3, 9, 0, 0, 9, 3], [6, 9, 4, 6, 6, 0, 4, 3, 9, 6, 0, 6, 0, 9, 3, 0], [3, 3, 4, 9, 0, 0, 4, 9, 0, 6, 0, 0, 0, 6, 0, 0], [0, 0, 4, 6, 3, 9, 4, 6, 0, 9, 0, 9, 0, 0, 0, 0], [9, 9, 4, 4, 4, 4, 4, 9, 9, 0, 9, 9, 0, 0, 0, 6]], "output": [[3, 3, 0], [9, 3, 9], [6, 6, 0], [9, 0, 0], [6, 3, 9]]}, {"input": [[2, 5, 0, 0, 3, 0, 0, 2, 0, 0, 0, 0, 0, 0, 3, 5, 3, 5], [2, 0, 0, 2, 0, 2, 2, 2, 2, 2, 2, 5, 3, 0, 3, 2, 0, 5], [0, 5, 5, 7, 7, 7, 7, 7, 7, 7, 7, 7, 7, 7, 7, 5, 0, 0], [2, 0, 2, 7, 0, 0, 5, 3, 3, 3, 2, 2, 5, 0, 7, 2, 5, 5], [5, 0, 3, 7, 3, 0, 0, 5, 5, 5, 5, 2, 0, 5, 7, 3, 3, 3], [0, 5, 5, 7, 3, 5, 0, 2, 0, 3, 0, 5, 3, 0, 7, 0, 2, 5], [5, 2, 2, 7, 3, 2, 5, 5, 0, 5, 3, 0, 5, 0, 7, 0, 0, 0], [0, 0, 0, 7, 5, 2, 5, 2, 5, 0, 2, 2, 2, 2, 7, 2, 0, 5], [5, 0, 5, 7, 0, 5, 2, 5, 0, 0, 0, 0, 3, 3, 7, 0, 0, 5], [3, 0, 0, 7, 2, 3, 2, 3, 0, 0, 5, 0, 5, 0, 7, 3, 2, 0], [3, 5, 0, 7, 3, 2, 5, 0, 5, 0, 0, 0, 5, 5, 7, 0, 0, 2], [3, 3, 0, 7, 7, 7, 7, 7, 7, 7, 7, 7, 7, 7, 7, 0, 2, 0], [5, 0, 0, 3, 0, 3, 3, 5, 2, 5, 0, 0, 0, 0, 0, 5, 0, 0], [2, 5, 2, 5, 2, 2, 0, 0, 0, 5, 2, 0, 2, 0, 3, 0, 3, 0], [0, 2, 2, 2, 2, 0, 0, 2, 0, 2, 3, 3, 2, 0, 2, 5, 2, 5], [3, 0, 0, 0, 0, 5, 3, 0, 0, 0, 2, 2, 5, 0, 2, 3, 2, 0], [0, 0, 2, 5, 0, 5, 0, 3, 0, 0, 0, 0, 2, 3, 3, 5, 2, 3]], "output": [[0, 0, 5, 3, 3, 3, 2, 2, 5, 0], [3, 0, 0, 5, 5, 5, 5, 2, 0, 5], [3, 5, 0, 2, 0, 3, 0, 5, 3, 0], [3, 2, 5, 5, 0, 5, 3, 0, 5, 0], [5, 2, 5, 2, 5, 0, 2, 2, 2, 2], [0, 5, 2, 5, 0, 0, 0, 0, 3, 3], [2, 3, 2, 3, 0, 0, 5, 0, 5, 0], [3, 2, 5, 0, 5, 0, 0, 0, 5, 5]]}]}