{"test": [{"input": [[0, 0, 0, 8, 1, 1, 8, 0, 0, 8, 0, 8, 0, 0, 0, 8], [0, 1, 0, 8, 8, 1, 0, 1, 1, 2, 8, 1, 1, 2, 0, 2], [0, 0, 8, 8, 1, 1, 8, 8, 1, 1, 8, 0, 8, 0, 0, 1], [1, 0, 1, 0, 8, 0, 1, 8, 1, 0, 1, 1, 8, 8, 8, 0], [8, 0, 8, 7, 7, 7, 7, 7, 7, 7, 7, 7, 7, 7, 0, 2], [1, 0, 8, 7, 2, 0, 8, 1, 1, 1, 0, 1, 0, 7, 0, 0], [0, 8, 8, 7, 8, 1, 0, 8, 2, 8, 1, 2, 8, 7, 1, 8], [1, 0, 8, 7, 8, 2, 0, 2, 0, 1, 1, 8, 1, 7, 8, 8], [0, 8, 0, 7, 0, 1, 8, 8, 1, 1, 8, 1, 8, 7, 2, 1], [1, 0, 0, 7, 0, 1, 8, 8, 0, 8, 0, 2, 0, 7, 8, 1], [0, 8, 8, 7, 0, 8, 8, 2, 8, 8, 8, 8, 8, 7, 8, 8], [1, 1, 1, 7, 8, 0, 2, 0, 0, 0, 0, 8, 8, 7, 8, 0], [1, 8, 0, 7, 0, 2, 8, 8, 1, 2, 0, 0, 2, 7, 8, 1], [8, 1, 1, 7, 7, 7, 7, 7, 7, 7, 7, 7, 7, 7, 0, 2], [8, 1, 0, 0, 0, 0, 8, 8, 0, 1, 2, 8, 8, 8, 1, 8], [8, 1, 0, 0, 1, 1, 8, 0, 1, 2, 8, 1, 0, 1, 2, 0], [8, 0, 8, 2, 8, 0, 8, 2, 0, 1, 8, 1, 8, 1, 8, 8]], "output": [[2, 0, 8, 1, 1, 1, 0, 1, 0], [8, 1, 0, 8, 2, 8, 1, 2, 8], [8, 2, 0, 2, 0, 1, 1, 8, 1], [0, 1, 8, 8, 1, 1, 8, 1, 8], [0, 1, 8, 8, 0, 8, 0, 2, 0], [0, 8, 8, 2, 8, 8, 8, 8, 8], [8, 0, 2, 0, 0, 0, 0, 8, 8], [0, 2, 8, 8, 1, 2, 0, 0, 2]]}], "train": [{"input": [[7, 8, 8, 0, 7, 8, 8, 0, 8, 0, 7, 1, 1, 1, 8, 8, 0, 7, 8, 7, 8], [7, 7, 0, 0, 5, 7, 0, 7, 8, 0, 7, 7, 8, 1, 1, 8, 1, 7, 1, 8, 7], [1, 5, 1, 7, 1, 1, 8, 7, 0, 0, 7, 8, 7, 0, 1, 0, 8, 8, 5, 5, 0], [5, 7, 0, 8, 2, 2, 2, 2, 2, 2, 2, 2, 2, 2, 1, 1, 0, 7, 0, 0, 7], [0, 1, 7, 7, 2, 0, 0, 8, 0, 7, 7, 7, 7, 2, 0, 0, 8, 0, 7, 7, 1], [8, 0, 0, 8, 2, 1, 0, 0, 0, 7, 0, 7, 1, 2, 0, 0, 0, 8, 0, 1, 0], [1, 1, 5, 0, 2, 7, 7, 0, 7, 7, 0, 8, 1, 2, 1, 0, 8, 7, 1, 0, 0], [0, 0, 8, 8, 2, 7, 7, 5, 1, 0, 7, 0, 0, 2, 1, 0, 5, 0, 7, 0, 1], [0, 1, 0, 0, 2, 5, 1, 7, 0, 1, 7, 1, 1, 2, 8, 8, 0, 5, 0, 7, 8], [8, 7, 7, 7, 2, 5, 0, 8, 0, 7, 0, 8, 8, 2, 7, 7, 0, 0, 7, 7, 8], [1, 1, 1, 5, 2, 2, 2, 2, 2, 2, 2, 2, 2, 2, 0, 0, 8, 1, 7, 0, 0], [7, 7, 7, 0, 8, 8, 0, 8, 7, 0, 8, 8, 7, 0, 7, 0, 8, 1, 0, 1, 0], [8, 0, 0, 7, 7, 0, 8, 7, 0, 7, 7, 0, 1, 7, 7, 1, 8, 0, 0, 7, 8], [5, 1, 5, 1, 8, 7, 5, 0, 8, 7, 7, 8, 1, 8, 0, 0, 0, 7, 0, 0, 5], [1, 7, 1, 0, 1, 7, 1, 0, 5, 0, 7, 7, 8, 0, 8, 7, 8, 8, 8, 0, 0], [5, 7, 7, 7, 7, 8, 8, 0, 1, 1, 0, 8, 5, 1, 7, 0, 0, 8, 7, 1, 0], [7, 1, 7, 7, 8, 0, 7, 8, 0, 7, 1, 8, 7, 1, 8, 1, 1, 7, 8, 1, 0], [0, 7, 8, 7, 7, 0, 1, 7, 0, 7, 8, 5, 7, 0, 7, 1, 0, 7, 0, 0, 8], [7, 8, 7, 0, 1, 7, 8, 0, 1, 7, 8, 1, 0, 1, 1, 8, 5, 8, 7, 1, 1], [1, 5, 1, 7, 7, 1, 5, 7, 7, 1, 1, 7, 5, 0, 8, 8, 1, 1, 8, 0, 8], [1, 7, 0, 1, 7, 7, 1, 0, 0, 1, 5, 8, 7, 5, 7, 8, 0, 7, 8, 7, 8], [7, 1, 7, 0, 8, 0, 8, 0, 0, 1, 7, 1, 1, 0, 8, 8, 5, 1, 0, 1, 8], [7, 7, 1, 0, 7, 1, 8, 8, 0, 0, 5, 1, 8, 8, 1, 7, 7, 5, 7, 5, 8]], "output": [[0, 0, 8, 0, 7, 7, 7, 7], [1, 0, 0, 0, 7, 0, 7, 1], [7, 7, 0, 7, 7, 0, 8, 1], [7, 7, 5, 1, 0, 7, 0, 0], [5, 1, 7, 0, 1, 7, 1, 1], [5, 0, 8, 0, 7, 0, 8, 8]]}, {"input": [[0, 6, 9, 6, 6, 0, 6, 7, 6, 9, 6, 6, 6, 9, 9, 0], [9, 9, 0, 6, 6, 0, 0, 9, 7, 6, 6, 6, 9, 9, 0, 6], [6, 0, 9, 0, 0, 6, 0, 6, 6, 0, 7, 0, 0, 6, 0, 0], [9, 6, 6, 9, 9, 9, 6, 7, 6, 9, 9, 6, 6, 7, 6, 6], [6, 6, 0, 0, 6, 6, 9, 0, 0, 7, 0, 0, 0, 0, 0, 9], [9, 9, 6, 0, 0, 9, 0, 0, 7, 9, 7, 0, 0, 0, 9, 0], [7, 6, 4, 4, 4, 4, 4, 6, 0, 0, 0, 9, 0, 0, 0, 9], [9, 0, 4, 7, 7, 0, 4, 0, 0, 6, 0, 0, 9, 6, 9, 7], [9, 0, 4, 9, 7, 9, 4, 9, 0, 0, 7, 9, 0, 0, 9, 7], [6, 9, 4, 6, 6, 0, 4, 7, 9, 6, 0, 6, 0, 9, 7, 0], [7, 7, 4, 9, 0, 0, 4, 9, 0, 6, 0, 0, 0, 6, 0, 0], [0, 0, 4, 6, 7, 9, 4, 6, 0, 9, 0, 9, 0, 0, 0, 0], [9, 9, 4, 4, 4, 4, 4, 9, 9, 0, 9, 9, 0, 0, 0, 6]], "output": [[7, 7, 0], [9, 7, 9], [6, 6, 0], [9, 0, 0], [6, 7, 9]]}, {"input": [[2, 5, 0, 0, 7, 0, 0, 2, 0, 0, 0, 0, 0, 0, 7, 5, 7, 5], [2, 0, 0, 2, 0, 2, 2, 2, 2, 2, 2, 5, 7, 0, 7, 2, 0, 5], [0, 5, 5, 8, 8, 8, 8, 8, 8, 8, 8, 8, 8, 8, 8, 5, 0, 0], [2, 0, 2, 8, 0, 0, 5, 7, 7, 7, 2, 2, 5, 0, 8, 2, 5, 5], [5, 0, 7, 8, 7, 0, 0, 5, 5, 5, 5, 2, 0, 5, 8, 7, 7, 7], [0, 5, 5, 8, 7, 5, 0, 2, 0, 7, 0, 5, 7, 0, 8, 0, 2, 5], [5, 2, 2, 8, 7, 2, 5, 5, 0, 5, 7, 0, 5, 0, 8, 0, 0, 0], [0, 0, 0, 8, 5, 2, 5, 2, 5, 0, 2, 2, 2, 2, 8, 2, 0, 5], [5, 0, 5, 8, 0, 5, 2, 5, 0, 0, 0, 0, 7, 7, 8, 0, 0, 5], [7, 0, 0, 8, 2, 7, 2, 7, 0, 0, 5, 0, 5, 0, 8, 7, 2, 0], [7, 5, 0, 8, 7, 2, 5, 0, 5, 0, 0, 0, 5, 5, 8, 0, 0, 2], [7, 7, 0, 8, 8, 8, 8, 8, 8, 8, 8, 8, 8, 8, 8, 0, 2, 0], [5, 0, 0, 7, 0, 7, 7, 5, 2, 5, 0, 0, 0, 0, 0, 5, 0, 0], [2, 5, 2, 5, 2, 2, 0, 0, 0, 5, 2, 0, 2, 0, 7, 0, 7, 0], [0, 2, 2, 2, 2, 0, 0, 2, 0, 2, 7, 7, 2, 0, 2, 5, 2, 5], [7, 0, 0, 0, 0, 5, 7, 0, 0, 0, 2, 2, 5, 0, 2, 7, 2, 0], [0, 0, 2, 5, 0, 5, 0, 7, 0, 0, 0, 0, 2, 7, 7, 5, 2, 7]], "output": [[0, 0, 5, 7, 7, 7, 2, 2, 5, 0], [7, 0, 0, 5, 5, 5, 5, 2, 0, 5], [7, 5, 0, 2, 0, 7, 0, 5, 7, 0], [7, 2, 5, 5, 0, 5, 7, 0, 5, 0], [5, 2, 5, 2, 5, 0, 2, 2, 2, 2], [0, 5, 2, 5, 0, 0, 0, 0, 7, 7], [2, 7, 2, 7, 0, 0, 5, 0, 5, 0], [7, 2, 5, 0, 5, 0, 0, 0, 5, 5]]}]}