{"test": [{"input": [[0, 0, 0, 8, 1, 1, 8, 0, 0, 8, 0, 8, 0, 0, 0, 8], [0, 1, 0, 8, 8, 1, 0, 1, 1, 7, 8, 1, 1, 7, 0, 7], [0, 0, 8, 8, 1, 1, 8, 8, 1, 1, 8, 0, 8, 0, 0, 1], [1, 0, 1, 0, 8, 0, 1, 8, 1, 0, 1, 1, 8, 8, 8, 0], [8, 0, 8, 3, 3, 3, 3, 3, 3, 3, 3, 3, 3, 3, 0, 7], [1, 0, 8, 3, 7, 0, 8, 1, 1, 1, 0, 1, 0, 3, 0, 0], [0, 8, 8, 3, 8, 1, 0, 8, 7, 8, 1, 7, 8, 3, 1, 8], [1, 0, 8, 3, 8, 7, 0, 7, 0, 1, 1, 8, 1, 3, 8, 8], [0, 8, 0, 3, 0, 1, 8, 8, 1, 1, 8, 1, 8, 3, 7, 1], [1, 0, 0, 3, 0, 1, 8, 8, 0, 8, 0, 7, 0, 3, 8, 1], [0, 8, 8, 3, 0, 8, 8, 7, 8, 8, 8, 8, 8, 3, 8, 8], [1, 1, 1, 3, 8, 0, 7, 0, 0, 0, 0, 8, 8, 3, 8, 0], [1, 8, 0, 3, 0, 7, 8, 8, 1, 7, 0, 0, 7, 3, 8, 1], [8, 1, 1, 3, 3, 3, 3, 3, 3, 3, 3, 3, 3, 3, 0, 7], [8, 1, 0, 0, 0, 0, 8, 8, 0, 1, 7, 8, 8, 8, 1, 8], [8, 1, 0, 0, 1, 1, 8, 0, 1, 7, 8, 1, 0, 1, 7, 0], [8, 0, 8, 7, 8, 0, 8, 7, 0, 1, 8, 1, 8, 1, 8, 8]], "output": [[7, 0, 8, 1, 1, 1, 0, 1, 0], [8, 1, 0, 8, 7, 8, 1, 7, 8], [8, 7, 0, 7, 0, 1, 1, 8, 1], [0, 1, 8, 8, 1, 1, 8, 1, 8], [0, 1, 8, 8, 0, 8, 0, 7, 0], [0, 8, 8, 7, 8, 8, 8, 8, 8], [8, 0, 7, 0, 0, 0, 0, 8, 8], [0, 7, 8, 8, 1, 7, 0, 0, 7]]}], "train": [{"input": [[3, 8, 8, 0, 3, 8, 8, 0, 8, 0, 3, 1, 1, 1, 8, 8, 0, 3, 8, 3, 8], [3, 3, 0, 0, 5, 3, 0, 3, 8, 0, 3, 3, 8, 1, 1, 8, 1, 3, 1, 8, 3], [1, 5, 1, 3, 1, 1, 8, 3, 0, 0, 3, 8, 3, 0, 1, 0, 8, 8, 5, 5, 0], [5, 3, 0, 8, 7, 7, 7, 7, 7, 7, 7, 7, 7, 7, 1, 1, 0, 3, 0, 0, 3], [0, 1, 3, 3, 7, 0, 0, 8, 0, 3, 3, 3, 3, 7, 0, 0, 8, 0, 3, 3, 1], [8, 0, 0, 8, 7, 1, 0, 0, 0, 3, 0, 3, 1, 7, 0, 0, 0, 8, 0, 1, 0], [1, 1, 5, 0, 7, 3, 3, 0, 3, 3, 0, 8, 1, 7, 1, 0, 8, 3, 1, 0, 0], [0, 0, 8, 8, 7, 3, 3, 5, 1, 0, 3, 0, 0, 7, 1, 0, 5, 0, 3, 0, 1], [0, 1, 0, 0, 7, 5, 1, 3, 0, 1, 3, 1, 1, 7, 8, 8, 0, 5, 0, 3, 8], [8, 3, 3, 3, 7, 5, 0, 8, 0, 3, 0, 8, 8, 7, 3, 3, 0, 0, 3, 3, 8], [1, 1, 1, 5, 7, 7, 7, 7, 7, 7, 7, 7, 7, 7, 0, 0, 8, 1, 3, 0, 0], [3, 3, 3, 0, 8, 8, 0, 8, 3, 0, 8, 8, 3, 0, 3, 0, 8, 1, 0, 1, 0], [8, 0, 0, 3, 3, 0, 8, 3, 0, 3, 3, 0, 1, 3, 3, 1, 8, 0, 0, 3, 8], [5, 1, 5, 1, 8, 3, 5, 0, 8, 3, 3, 8, 1, 8, 0, 0, 0, 3, 0, 0, 5], [1, 3, 1, 0, 1, 3, 1, 0, 5, 0, 3, 3, 8, 0, 8, 3, 8, 8, 8, 0, 0], [5, 3, 3, 3, 3, 8, 8, 0, 1, 1, 0, 8, 5, 1, 3, 0, 0, 8, 3, 1, 0], [3, 1, 3, 3, 8, 0, 3, 8, 0, 3, 1, 8, 3, 1, 8, 1, 1, 3, 8, 1, 0], [0, 3, 8, 3, 3, 0, 1, 3, 0, 3, 8, 5, 3, 0, 3, 1, 0, 3, 0, 0, 8], [3, 8, 3, 0, 1, 3, 8, 0, 1, 3, 8, 1, 0, 1, 1, 8, 5, 8, 3, 1, 1], [1, 5, 1, 3, 3, 1, 5, 3, 3, 1, 1, 3, 5, 0, 8, 8, 1, 1, 8, 0, 8], [1, 3, 0, 1, 3, 3, 1, 0, 0, 1, 5, 8, 3, 5, 3, 8, 0, 3, 8, 3, 8], [3, 1, 3, 0, 8, 0, 8, 0, 0, 1, 3, 1, 1, 0, 8, 8, 5, 1, 0, 1, 8], [3, 3, 1, 0, 3, 1, 8, 8, 0, 0, 5, 1, 8, 8, 1, 3, 3, 5, 3, 5, 8]], "output": [[0, 0, 8, 0, 3, 3, 3, 3], [1, 0, 0, 0, 3, 0, 3, 1], [3, 3, 0, 3, 3, 0, 8, 1], [3, 3, 5, 1, 0, 3, 0, 0], [5, 1, 3, 0, 1, 3, 1, 1], [5, 0, 8, 0, 3, 0, 8, 8]]}, {"input": [[0, 6, 9, 6, 6, 0, 6, 3, 6, 9, 6, 6, 6, 9, 9, 0], [9, 9, 0, 6, 6, 0, 0, 9, 3, 6, 6, 6, 9, 9, 0, 6], [6, 0, 9, 0, 0, 6, 0, 6, 6, 0, 3, 0, 0, 6, 0, 0], [9, 6, 6, 9, 9, 9, 6, 3, 6, 9, 9, 6, 6, 3, 6, 6], [6, 6, 0, 0, 6, 6, 9, 0, 0, 3, 0, 0, 0, 0, 0, 9], [9, 9, 6, 0, 0, 9, 0, 0, 3, 9, 3, 0, 0, 0, 9, 0], [3, 6, 4, 4, 4, 4, 4, 6, 0, 0, 0, 9, 0, 0, 0, 9], [9, 0, 4, 3, 3, 0, 4, 0, 0, 6, 0, 0, 9, 6, 9, 3], [9, 0, 4, 9, 3, 9, 4, 9, 0, 0, 3, 9, 0, 0, 9, 3], [6, 9, 4, 6, 6, 0, 4, 3, 9, 6, 0, 6, 0, 9, 3, 0], [3, 3, 4, 9, 0, 0, 4, 9, 0, 6, 0, 0, 0, 6, 0, 0], [0, 0, 4, 6, 3, 9, 4, 6, 0, 9, 0, 9, 0, 0, 0, 0], [9, 9, 4, 4, 4, 4, 4, 9, 9, 0, 9, 9, 0, 0, 0, 6]], "output": [[3, 3, 0], [9, 3, 9], [6, 6, 0], [9, 0, 0], [6, 3, 9]]}, {"input": [[7, 5, 0, 0, 3, 0, 0, 7, 0, 0, 0, 0, 0, 0, 3, 5, 3, 5], [7, 0, 0, 7, 0, 7, 7, 7, 7, 7, 7, 5, 3, 0, 3, 7, 0, 5], [0, 5, 5, 8, 8, 8, 8, 8, 8, 8, 8, 8, 8, 8, 8, 5, 0, 0], [7, 0, 7, 8, 0, 0, 5, 3, 3, 3, 7, 7, 5, 0, 8, 7, 5, 5], [5, 0, 3, 8, 3, 0, 0, 5, 5, 5, 5, 7, 0, 5, 8, 3, 3, 3], [0, 5, 5, 8, 3, 5, 0, 7, 0, 3, 0, 5, 3, 0, 8, 0, 7, 5], [5, 7, 7, 8, 3, 7, 5, 5, 0, 5, 3, 0, 5, 0, 8, 0, 0, 0], [0, 0, 0, 8, 5, 7, 5, 7, 5, 0, 7, 7, 7, 7, 8, 7, 0, 5], [5, 0, 5, 8, 0, 5, 7, 5, 0, 0, 0, 0, 3, 3, 8, 0, 0, 5], [3, 0, 0, 8, 7, 3, 7, 3, 0, 0, 5, 0, 5, 0, 8, 3, 7, 0], [3, 5, 0, 8, 3, 7, 5, 0, 5, 0, 0, 0, 5, 5, 8, 0, 0, 7], [3, 3, 0, 8, 8, 8, 8, 8, 8, 8, 8, 8, 8, 8, 8, 0, 7, 0], [5, 0, 0, 3, 0, 3, 3, 5, 7, 5, 0, 0, 0, 0, 0, 5, 0, 0], [7, 5, 7, 5, 7, 7, 0, 0, 0, 5, 7, 0, 7, 0, 3, 0, 3, 0], [0, 7, 7, 7, 7, 0, 0, 7, 0, 7, 3, 3, 7, 0, 7, 5, 7, 5], [3, 0, 0, 0, 0, 5, 3, 0, 0, 0, 7, 7, 5, 0, 7, 3, 7, 0], [0, 0, 7, 5, 0, 5, 0, 3, 0, 0, 0, 0, 7, 3, 3, 5, 7, 3]], "output": [[0, 0, 5, 3, 3, 3, 7, 7, 5, 0], [3, 0, 0, 5, 5, 5, 5, 7, 0, 5], [3, 5, 0, 7, 0, 3, 0, 5, 3, 0], [3, 7, 5, 5, 0, 5, 3, 0, 5, 0], [5, 7, 5, 7, 5, 0, 7, 7, 7, 7], [0, 5, 7, 5, 0, 0, 0, 0, 3, 3], [7, 3, 7, 3, 0, 0, 5, 0, 5, 0], [3, 7, 5, 0, 5, 0, 0, 0, 5, 5]]}]}