{"test": [{"input": [[2, 0, 0], [2, 0, 0], [0, 0, 0]], "output": [[0, 0, 0], [2, 0, 0], [2, 0, 0]]}], "train": [{"input": [[0, 0, 0], [0, 6, 0], [0, 0, 0]], "output": [[0, 0, 0], [0, 0, 0], [0, 6, 0]]}, {"input": [[6, 6, 6], [0, 0, 0], [0, 0, 0]], "output": [[0, 0, 0], [6, 6, 6], [0, 0, 0]]}, {"input": [[0, 0, 0], [6, 6, 6], [0, 0, 0]], "output": [[0, 0, 0], [0, 0, 0], [6, 6, 6]]}, {"input": [[0, 6, 0], [6, 6, 0], [0, 0, 0]], "output": [[0, 0, 0], [0, 6, 0], [6, 6, 0]]}, {"input": [[0, 2, 2], [0, 0, 2], [0, 0, 0]], "output": [[0, 0, 0], [0, 2, 2], [0, 0, 2]]}]}