{"test": [{"input": [[2, 0, 0], [2, 0, 0], [0, 0, 0]], "output": [[0, 0, 0], [2, 0, 0], [2, 0, 0]]}], "train": [{"input": [[0, 0, 0], [0, 7, 0], [0, 0, 0]], "output": [[0, 0, 0], [0, 0, 0], [0, 7, 0]]}, {"input": [[7, 7, 7], [0, 0, 0], [0, 0, 0]], "output": [[0, 0, 0], [7, 7, 7], [0, 0, 0]]}, {"input": [[0, 0, 0], [7, 7, 7], [0, 0, 0]], "output": [[0, 0, 0], [0, 0, 0], [7, 7, 7]]}, {"input": [[0, 7, 0], [7, 7, 0], [0, 0, 0]], "output": [[0, 0, 0], [0, 7, 0], [7, 7, 0]]}, {"input": [[0, 2, 2], [0, 0, 2], [0, 0, 0]], "output": [[0, 0, 0], [0, 2, 2], [0, 0, 2]]}]}