{"test": [{"input": [[4, 0, 0], [4, 0, 0], [0, 0, 0]], "output": [[0, 0, 0], [4, 0, 0], [4, 0, 0]]}], "train": [{"input": [[0, 0, 0], [0, 1, 0], [0, 0, 0]], "output": [[0, 0, 0], [0, 0, 0], [0, 1, 0]]}, {"input": [[1, 1, 1], [0, 0, 0], [0, 0, 0]], "output": [[0, 0, 0], [1, 1, 1], [0, 0, 0]]}, {"input": [[0, 0, 0], [1, 1, 1], [0, 0, 0]], "output": [[0, 0, 0], [0, 0, 0], [1, 1, 1]]}, {"input": [[0, 1, 0], [1, 1, 0], [0, 0, 0]], "output": [[0, 0, 0], [0, 1, 0], [1, 1, 0]]}, {"input": [[0, 4, 4], [0, 0, 4], [0, 0, 0]], "output": [[0, 0, 0], [0, 4, 4], [0, 0, 4]]}]}