{"test": [{"input": [[2, 0, 0], [2, 0, 0], [0, 0, 0]], "output": [[0, 0, 0], [2, 0, 0], [2, 0, 0]]}], "train": [{"input": [[0, 0, 0], [0, 9, 0], [0, 0, 0]], "output": [[0, 0, 0], [0, 0, 0], [0, 9, 0]]}, {"input": [[9, 9, 9], [0, 0, 0], [0, 0, 0]], "output": [[0, 0, 0], [9, 9, 9], [0, 0, 0]]}, {"input": [[0, 0, 0], [9, 9, 9], [0, 0, 0]], "output": [[0, 0, 0], [0, 0, 0], [9, 9, 9]]}, {"input": [[0, 9, 0], [9, 9, 0], [0, 0, 0]], "output": [[0, 0, 0], [0, 9, 0], [9, 9, 0]]}, {"input": [[0, 2, 2], [0, 0, 2], [0, 0, 0]], "output": [[0, 0, 0], [0, 2, 2], [0, 0, 2]]}]}