{"test": [{"input": [[2, 0, 0], [2, 0, 0], [0, 0, 0]], "output": [[0, 0, 0], [2, 0, 0], [2, 0, 0]]}], "train": [{"input": [[0, 0, 0], [0, 3, 0], [0, 0, 0]], "output": [[0, 0, 0], [0, 0, 0], [0, 3, 0]]}, {"input": [[3, 3, 3], [0, 0, 0], [0, 0, 0]], "output": [[0, 0, 0], [3, 3, 3], [0, 0, 0]]}, {"input": [[0, 0, 0], [3, 3, 3], [0, 0, 0]], "output": [[0, 0, 0], [0, 0, 0], [3, 3, 3]]}, {"input": [[0, 3, 0], [3, 3, 0], [0, 0, 0]], "output": [[0, 0, 0], [0, 3, 0], [3, 3, 0]]}, {"input": [[0, 2, 2], [0, 0, 2], [0, 0, 0]], "output": [[0, 0, 0], [0, 2, 2], [0, 0, 2]]}]}