{"test": [{"input": [[8, 0, 0, 0, 0, 0, 0, 0, 0, 0, 0, 0, 0], [0, 0, 0, 0, 0, 0, 0, 0, 0, 0, 0, 0, 0], [0, 0, 0, 0, 0, 0, 0, 0, 8, 0, 0, 0, 0], [8, 0, 0, 8, 0, 0, 0, 0, 0, 0, 0, 0, 0], [9, 8, 0, 9, 0, 0, 0, 0, 0, 0, 0, 0, 8], [9, 0, 0, 9, 0, 0, 0, 0, 0, 0, 0, 0, 0], [9, 0, 0, 9, 0, 0, 0, 0, 0, 0, 0, 0, 0], [9, 0, 0, 9, 0, 0, 8, 0, 0, 8, 0, 0, 0], [9, 0, 8, 9, 8, 0, 0, 0, 0, 0, 0, 0, 8], [9, 0, 0, 9, 0, 8, 0, 0, 0, 0, 0, 0, 0], [9, 8, 0, 9, 0, 0, 0, 0, 0, 0, 8, 0, 8], [9, 0, 0, 9, 0, 0, 0, 8, 0, 0, 0, 0, 0], [8, 0, 0, 8, 0, 0, 0, 0, 0, 0, 0, 0, 0], [0, 0, 0, 0, 0, 0, 0, 0, 0, 0, 0, 0, 8]], "output": [[8, 0, 0, 8], [9, 8, 0, 9], [9, 0, 0, 9], [9, 0, 0, 9], [9, 0, 0, 9], [9, 0, 8, 9], [9, 0, 0, 9], [9, 8, 0, 9], [9, 0, 0, 9], [8, 0, 0, 8]]}], "train": [{"input": [[0, 0, 0, 0, 0, 0, 0, 0, 0], [0, 8, 0, 0, 0, 8, 0, 0, 8], [0, 9, 0, 0, 0, 9, 0, 0, 0], [0, 9, 0, 8, 0, 9, 0, 8, 0], [0, 9, 0, 0, 0, 9, 0, 0, 0], [0, 8, 0, 0, 0, 8, 0, 0, 0], [0, 0, 0, 0, 0, 0, 0, 0, 0], [0, 0, 0, 8, 0, 0, 0, 8, 0], [0, 8, 0, 0, 0, 0, 0, 0, 0]], "output": [[8, 0, 0, 0, 8], [9, 0, 0, 0, 9], [9, 0, 8, 0, 9], [9, 0, 0, 0, 9], [8, 0, 0, 0, 8]]}, {"input": [[0, 8, 0, 0, 0, 0, 0, 0, 0, 0, 0], [0, 0, 8, 0, 0, 0, 8, 0, 0, 0, 8], [0, 0, 0, 0, 0, 0, 0, 0, 0, 8, 8], [0, 0, 8, 0, 0, 0, 0, 0, 8, 0, 0], [8, 0, 9, 0, 0, 0, 0, 0, 9, 0, 0], [0, 0, 9, 0, 0, 8, 8, 0, 9, 0, 0], [0, 0, 9, 0, 0, 0, 0, 0, 9, 0, 0], [0, 0, 8, 0, 8, 0, 0, 0, 8, 0, 0], [0, 8, 0, 0, 0, 0, 0, 0, 8, 8, 0]], "output": [[8, 0, 0, 0, 0, 0, 8], [9, 0, 0, 0, 0, 0, 9], [9, 0, 0, 8, 8, 0, 9], [9, 0, 0, 0, 0, 0, 9], [8, 0, 8, 0, 0, 0, 8]]}, {"input": [[0, 0, 0, 0, 0, 0, 0, 0, 0, 8, 8, 0, 0], [0, 0, 0, 0, 0, 0, 0, 0, 0, 0, 0, 0, 0], [0, 0, 0, 8, 0, 0, 0, 8, 0, 0, 0, 0, 0], [0, 0, 0, 9, 0, 0, 0, 9, 0, 8, 0, 0, 0], [0, 0, 8, 9, 0, 8, 0, 9, 0, 0, 0, 0, 0], [0, 0, 0, 9, 0, 0, 0, 9, 8, 0, 0, 0, 0], [0, 0, 8, 9, 0, 8, 0, 9, 0, 0, 0, 0, 0], [0, 0, 0, 8, 0, 0, 0, 8, 0, 0, 8, 0, 0], [0, 0, 0, 0, 0, 0, 0, 0, 0, 0, 8, 0, 0], [0, 0, 8, 8, 0, 0, 0, 8, 0, 0, 0, 0, 0], [0, 0, 0, 0, 0, 0, 0, 0, 8, 0, 0, 0, 0]], "output": [[8, 0, 0, 0, 8], [9, 0, 0, 0, 9], [9, 0, 8, 0, 9], [9, 0, 0, 0, 9], [9, 0, 8, 0, 9], [8, 0, 0, 0, 8]]}]}