{"test": [{"input": [[8, 0, 0, 0, 0, 0, 0, 0, 0, 0, 0, 0, 0], [0, 0, 0, 0, 0, 0, 0, 0, 0, 0, 0, 0, 0], [0, 0, 0, 0, 0, 0, 0, 0, 8, 0, 0, 0, 0], [8, 0, 0, 8, 0, 0, 0, 0, 0, 0, 0, 0, 0], [4, 8, 0, 4, 0, 0, 0, 0, 0, 0, 0, 0, 8], [4, 0, 0, 4, 0, 0, 0, 0, 0, 0, 0, 0, 0], [4, 0, 0, 4, 0, 0, 0, 0, 0, 0, 0, 0, 0], [4, 0, 0, 4, 0, 0, 8, 0, 0, 8, 0, 0, 0], [4, 0, 8, 4, 8, 0, 0, 0, 0, 0, 0, 0, 8], [4, 0, 0, 4, 0, 8, 0, 0, 0, 0, 0, 0, 0], [4, 8, 0, 4, 0, 0, 0, 0, 0, 0, 8, 0, 8], [4, 0, 0, 4, 0, 0, 0, 8, 0, 0, 0, 0, 0], [8, 0, 0, 8, 0, 0, 0, 0, 0, 0, 0, 0, 0], [0, 0, 0, 0, 0, 0, 0, 0, 0, 0, 0, 0, 8]], "output": [[8, 0, 0, 8], [4, 8, 0, 4], [4, 0, 0, 4], [4, 0, 0, 4], [4, 0, 0, 4], [4, 0, 8, 4], [4, 0, 0, 4], [4, 8, 0, 4], [4, 0, 0, 4], [8, 0, 0, 8]]}], "train": [{"input": [[0, 0, 0, 0, 0, 0, 0, 0, 0], [0, 8, 0, 0, 0, 8, 0, 0, 8], [0, 4, 0, 0, 0, 4, 0, 0, 0], [0, 4, 0, 8, 0, 4, 0, 8, 0], [0, 4, 0, 0, 0, 4, 0, 0, 0], [0, 8, 0, 0, 0, 8, 0, 0, 0], [0, 0, 0, 0, 0, 0, 0, 0, 0], [0, 0, 0, 8, 0, 0, 0, 8, 0], [0, 8, 0, 0, 0, 0, 0, 0, 0]], "output": [[8, 0, 0, 0, 8], [4, 0, 0, 0, 4], [4, 0, 8, 0, 4], [4, 0, 0, 0, 4], [8, 0, 0, 0, 8]]}, {"input": [[0, 8, 0, 0, 0, 0, 0, 0, 0, 0, 0], [0, 0, 8, 0, 0, 0, 8, 0, 0, 0, 8], [0, 0, 0, 0, 0, 0, 0, 0, 0, 8, 8], [0, 0, 8, 0, 0, 0, 0, 0, 8, 0, 0], [8, 0, 4, 0, 0, 0, 0, 0, 4, 0, 0], [0, 0, 4, 0, 0, 8, 8, 0, 4, 0, 0], [0, 0, 4, 0, 0, 0, 0, 0, 4, 0, 0], [0, 0, 8, 0, 8, 0, 0, 0, 8, 0, 0], [0, 8, 0, 0, 0, 0, 0, 0, 8, 8, 0]], "output": [[8, 0, 0, 0, 0, 0, 8], [4, 0, 0, 0, 0, 0, 4], [4, 0, 0, 8, 8, 0, 4], [4, 0, 0, 0, 0, 0, 4], [8, 0, 8, 0, 0, 0, 8]]}, {"input": [[0, 0, 0, 0, 0, 0, 0, 0, 0, 8, 8, 0, 0], [0, 0, 0, 0, 0, 0, 0, 0, 0, 0, 0, 0, 0], [0, 0, 0, 8, 0, 0, 0, 8, 0, 0, 0, 0, 0], [0, 0, 0, 4, 0, 0, 0, 4, 0, 8, 0, 0, 0], [0, 0, 8, 4, 0, 8, 0, 4, 0, 0, 0, 0, 0], [0, 0, 0, 4, 0, 0, 0, 4, 8, 0, 0, 0, 0], [0, 0, 8, 4, 0, 8, 0, 4, 0, 0, 0, 0, 0], [0, 0, 0, 8, 0, 0, 0, 8, 0, 0, 8, 0, 0], [0, 0, 0, 0, 0, 0, 0, 0, 0, 0, 8, 0, 0], [0, 0, 8, 8, 0, 0, 0, 8, 0, 0, 0, 0, 0], [0, 0, 0, 0, 0, 0, 0, 0, 8, 0, 0, 0, 0]], "output": [[8, 0, 0, 0, 8], [4, 0, 0, 0, 4], [4, 0, 8, 0, 4], [4, 0, 0, 0, 4], [4, 0, 8, 0, 4], [8, 0, 0, 0, 8]]}]}