{"test": [{"input": [[4, 0, 0, 0, 0, 0, 0, 0, 0, 0, 0, 0, 0], [0, 0, 0, 0, 0, 0, 0, 0, 0, 0, 0, 0, 0], [0, 0, 0, 0, 0, 0, 0, 0, 4, 0, 0, 0, 0], [4, 0, 0, 4, 0, 0, 0, 0, 0, 0, 0, 0, 0], [5, 4, 0, 5, 0, 0, 0, 0, 0, 0, 0, 0, 4], [5, 0, 0, 5, 0, 0, 0, 0, 0, 0, 0, 0, 0], [5, 0, 0, 5, 0, 0, 0, 0, 0, 0, 0, 0, 0], [5, 0, 0, 5, 0, 0, 4, 0, 0, 4, 0, 0, 0], [5, 0, 4, 5, 4, 0, 0, 0, 0, 0, 0, 0, 4], [5, 0, 0, 5, 0, 4, 0, 0, 0, 0, 0, 0, 0], [5, 4, 0, 5, 0, 0, 0, 0, 0, 0, 4, 0, 4], [5, 0, 0, 5, 0, 0, 0, 4, 0, 0, 0, 0, 0], [4, 0, 0, 4, 0, 0, 0, 0, 0, 0, 0, 0, 0], [0, 0, 0, 0, 0, 0, 0, 0, 0, 0, 0, 0, 4]], "output": [[4, 0, 0, 4], [5, 4, 0, 5], [5, 0, 0, 5], [5, 0, 0, 5], [5, 0, 0, 5], [5, 0, 4, 5], [5, 0, 0, 5], [5, 4, 0, 5], [5, 0, 0, 5], [4, 0, 0, 4]]}], "train": [{"input": [[0, 0, 0, 0, 0, 0, 0, 0, 0], [0, 4, 0, 0, 0, 4, 0, 0, 4], [0, 5, 0, 0, 0, 5, 0, 0, 0], [0, 5, 0, 4, 0, 5, 0, 4, 0], [0, 5, 0, 0, 0, 5, 0, 0, 0], [0, 4, 0, 0, 0, 4, 0, 0, 0], [0, 0, 0, 0, 0, 0, 0, 0, 0], [0, 0, 0, 4, 0, 0, 0, 4, 0], [0, 4, 0, 0, 0, 0, 0, 0, 0]], "output": [[4, 0, 0, 0, 4], [5, 0, 0, 0, 5], [5, 0, 4, 0, 5], [5, 0, 0, 0, 5], [4, 0, 0, 0, 4]]}, {"input": [[0, 4, 0, 0, 0, 0, 0, 0, 0, 0, 0], [0, 0, 4, 0, 0, 0, 4, 0, 0, 0, 4], [0, 0, 0, 0, 0, 0, 0, 0, 0, 4, 4], [0, 0, 4, 0, 0, 0, 0, 0, 4, 0, 0], [4, 0, 5, 0, 0, 0, 0, 0, 5, 0, 0], [0, 0, 5, 0, 0, 4, 4, 0, 5, 0, 0], [0, 0, 5, 0, 0, 0, 0, 0, 5, 0, 0], [0, 0, 4, 0, 4, 0, 0, 0, 4, 0, 0], [0, 4, 0, 0, 0, 0, 0, 0, 4, 4, 0]], "output": [[4, 0, 0, 0, 0, 0, 4], [5, 0, 0, 0, 0, 0, 5], [5, 0, 0, 4, 4, 0, 5], [5, 0, 0, 0, 0, 0, 5], [4, 0, 4, 0, 0, 0, 4]]}, {"input": [[0, 0, 0, 0, 0, 0, 0, 0, 0, 4, 4, 0, 0], [0, 0, 0, 0, 0, 0, 0, 0, 0, 0, 0, 0, 0], [0, 0, 0, 4, 0, 0, 0, 4, 0, 0, 0, 0, 0], [0, 0, 0, 5, 0, 0, 0, 5, 0, 4, 0, 0, 0], [0, 0, 4, 5, 0, 4, 0, 5, 0, 0, 0, 0, 0], [0, 0, 0, 5, 0, 0, 0, 5, 4, 0, 0, 0, 0], [0, 0, 4, 5, 0, 4, 0, 5, 0, 0, 0, 0, 0], [0, 0, 0, 4, 0, 0, 0, 4, 0, 0, 4, 0, 0], [0, 0, 0, 0, 0, 0, 0, 0, 0, 0, 4, 0, 0], [0, 0, 4, 4, 0, 0, 0, 4, 0, 0, 0, 0, 0], [0, 0, 0, 0, 0, 0, 0, 0, 4, 0, 0, 0, 0]], "output": [[4, 0, 0, 0, 4], [5, 0, 0, 0, 5], [5, 0, 4, 0, 5], [5, 0, 0, 0, 5], [5, 0, 4, 0, 5], [4, 0, 0, 0, 4]]}]}