{"test": [{"input": [[1, 0, 0, 0, 0, 0, 0, 0, 0, 0, 0, 0, 0], [0, 0, 0, 0, 0, 0, 0, 0, 0, 0, 0, 0, 0], [0, 0, 0, 0, 0, 0, 0, 0, 1, 0, 0, 0, 0], [1, 0, 0, 1, 0, 0, 0, 0, 0, 0, 0, 0, 0], [5, 1, 0, 5, 0, 0, 0, 0, 0, 0, 0, 0, 1], [5, 0, 0, 5, 0, 0, 0, 0, 0, 0, 0, 0, 0], [5, 0, 0, 5, 0, 0, 0, 0, 0, 0, 0, 0, 0], [5, 0, 0, 5, 0, 0, 1, 0, 0, 1, 0, 0, 0], [5, 0, 1, 5, 1, 0, 0, 0, 0, 0, 0, 0, 1], [5, 0, 0, 5, 0, 1, 0, 0, 0, 0, 0, 0, 0], [5, 1, 0, 5, 0, 0, 0, 0, 0, 0, 1, 0, 1], [5, 0, 0, 5, 0, 0, 0, 1, 0, 0, 0, 0, 0], [1, 0, 0, 1, 0, 0, 0, 0, 0, 0, 0, 0, 0], [0, 0, 0, 0, 0, 0, 0, 0, 0, 0, 0, 0, 1]], "output": [[1, 0, 0, 1], [5, 1, 0, 5], [5, 0, 0, 5], [5, 0, 0, 5], [5, 0, 0, 5], [5, 0, 1, 5], [5, 0, 0, 5], [5, 1, 0, 5], [5, 0, 0, 5], [1, 0, 0, 1]]}], "train": [{"input": [[0, 0, 0, 0, 0, 0, 0, 0, 0], [0, 1, 0, 0, 0, 1, 0, 0, 1], [0, 5, 0, 0, 0, 5, 0, 0, 0], [0, 5, 0, 1, 0, 5, 0, 1, 0], [0, 5, 0, 0, 0, 5, 0, 0, 0], [0, 1, 0, 0, 0, 1, 0, 0, 0], [0, 0, 0, 0, 0, 0, 0, 0, 0], [0, 0, 0, 1, 0, 0, 0, 1, 0], [0, 1, 0, 0, 0, 0, 0, 0, 0]], "output": [[1, 0, 0, 0, 1], [5, 0, 0, 0, 5], [5, 0, 1, 0, 5], [5, 0, 0, 0, 5], [1, 0, 0, 0, 1]]}, {"input": [[0, 1, 0, 0, 0, 0, 0, 0, 0, 0, 0], [0, 0, 1, 0, 0, 0, 1, 0, 0, 0, 1], [0, 0, 0, 0, 0, 0, 0, 0, 0, 1, 1], [0, 0, 1, 0, 0, 0, 0, 0, 1, 0, 0], [1, 0, 5, 0, 0, 0, 0, 0, 5, 0, 0], [0, 0, 5, 0, 0, 1, 1, 0, 5, 0, 0], [0, 0, 5, 0, 0, 0, 0, 0, 5, 0, 0], [0, 0, 1, 0, 1, 0, 0, 0, 1, 0, 0], [0, 1, 0, 0, 0, 0, 0, 0, 1, 1, 0]], "output": [[1, 0, 0, 0, 0, 0, 1], [5, 0, 0, 0, 0, 0, 5], [5, 0, 0, 1, 1, 0, 5], [5, 0, 0, 0, 0, 0, 5], [1, 0, 1, 0, 0, 0, 1]]}, {"input": [[0, 0, 0, 0, 0, 0, 0, 0, 0, 1, 1, 0, 0], [0, 0, 0, 0, 0, 0, 0, 0, 0, 0, 0, 0, 0], [0, 0, 0, 1, 0, 0, 0, 1, 0, 0, 0, 0, 0], [0, 0, 0, 5, 0, 0, 0, 5, 0, 1, 0, 0, 0], [0, 0, 1, 5, 0, 1, 0, 5, 0, 0, 0, 0, 0], [0, 0, 0, 5, 0, 0, 0, 5, 1, 0, 0, 0, 0], [0, 0, 1, 5, 0, 1, 0, 5, 0, 0, 0, 0, 0], [0, 0, 0, 1, 0, 0, 0, 1, 0, 0, 1, 0, 0], [0, 0, 0, 0, 0, 0, 0, 0, 0, 0, 1, 0, 0], [0, 0, 1, 1, 0, 0, 0, 1, 0, 0, 0, 0, 0], [0, 0, 0, 0, 0, 0, 0, 0, 1, 0, 0, 0, 0]], "output": [[1, 0, 0, 0, 1], [5, 0, 0, 0, 5], [5, 0, 1, 0, 5], [5, 0, 0, 0, 5], [5, 0, 1, 0, 5], [1, 0, 0, 0, 1]]}]}