{"test": [{"input": [[7, 0, 0, 0, 0, 0, 0, 0, 0, 0, 0, 0, 0], [0, 0, 0, 0, 0, 0, 0, 0, 0, 0, 0, 0, 0], [0, 0, 0, 0, 0, 0, 0, 0, 7, 0, 0, 0, 0], [7, 0, 0, 7, 0, 0, 0, 0, 0, 0, 0, 0, 0], [5, 7, 0, 5, 0, 0, 0, 0, 0, 0, 0, 0, 7], [5, 0, 0, 5, 0, 0, 0, 0, 0, 0, 0, 0, 0], [5, 0, 0, 5, 0, 0, 0, 0, 0, 0, 0, 0, 0], [5, 0, 0, 5, 0, 0, 7, 0, 0, 7, 0, 0, 0], [5, 0, 7, 5, 7, 0, 0, 0, 0, 0, 0, 0, 7], [5, 0, 0, 5, 0, 7, 0, 0, 0, 0, 0, 0, 0], [5, 7, 0, 5, 0, 0, 0, 0, 0, 0, 7, 0, 7], [5, 0, 0, 5, 0, 0, 0, 7, 0, 0, 0, 0, 0], [7, 0, 0, 7, 0, 0, 0, 0, 0, 0, 0, 0, 0], [0, 0, 0, 0, 0, 0, 0, 0, 0, 0, 0, 0, 7]], "output": [[7, 0, 0, 7], [5, 7, 0, 5], [5, 0, 0, 5], [5, 0, 0, 5], [5, 0, 0, 5], [5, 0, 7, 5], [5, 0, 0, 5], [5, 7, 0, 5], [5, 0, 0, 5], [7, 0, 0, 7]]}], "train": [{"input": [[0, 0, 0, 0, 0, 0, 0, 0, 0], [0, 7, 0, 0, 0, 7, 0, 0, 7], [0, 5, 0, 0, 0, 5, 0, 0, 0], [0, 5, 0, 7, 0, 5, 0, 7, 0], [0, 5, 0, 0, 0, 5, 0, 0, 0], [0, 7, 0, 0, 0, 7, 0, 0, 0], [0, 0, 0, 0, 0, 0, 0, 0, 0], [0, 0, 0, 7, 0, 0, 0, 7, 0], [0, 7, 0, 0, 0, 0, 0, 0, 0]], "output": [[7, 0, 0, 0, 7], [5, 0, 0, 0, 5], [5, 0, 7, 0, 5], [5, 0, 0, 0, 5], [7, 0, 0, 0, 7]]}, {"input": [[0, 7, 0, 0, 0, 0, 0, 0, 0, 0, 0], [0, 0, 7, 0, 0, 0, 7, 0, 0, 0, 7], [0, 0, 0, 0, 0, 0, 0, 0, 0, 7, 7], [0, 0, 7, 0, 0, 0, 0, 0, 7, 0, 0], [7, 0, 5, 0, 0, 0, 0, 0, 5, 0, 0], [0, 0, 5, 0, 0, 7, 7, 0, 5, 0, 0], [0, 0, 5, 0, 0, 0, 0, 0, 5, 0, 0], [0, 0, 7, 0, 7, 0, 0, 0, 7, 0, 0], [0, 7, 0, 0, 0, 0, 0, 0, 7, 7, 0]], "output": [[7, 0, 0, 0, 0, 0, 7], [5, 0, 0, 0, 0, 0, 5], [5, 0, 0, 7, 7, 0, 5], [5, 0, 0, 0, 0, 0, 5], [7, 0, 7, 0, 0, 0, 7]]}, {"input": [[0, 0, 0, 0, 0, 0, 0, 0, 0, 7, 7, 0, 0], [0, 0, 0, 0, 0, 0, 0, 0, 0, 0, 0, 0, 0], [0, 0, 0, 7, 0, 0, 0, 7, 0, 0, 0, 0, 0], [0, 0, 0, 5, 0, 0, 0, 5, 0, 7, 0, 0, 0], [0, 0, 7, 5, 0, 7, 0, 5, 0, 0, 0, 0, 0], [0, 0, 0, 5, 0, 0, 0, 5, 7, 0, 0, 0, 0], [0, 0, 7, 5, 0, 7, 0, 5, 0, 0, 0, 0, 0], [0, 0, 0, 7, 0, 0, 0, 7, 0, 0, 7, 0, 0], [0, 0, 0, 0, 0, 0, 0, 0, 0, 0, 7, 0, 0], [0, 0, 7, 7, 0, 0, 0, 7, 0, 0, 0, 0, 0], [0, 0, 0, 0, 0, 0, 0, 0, 7, 0, 0, 0, 0]], "output": [[7, 0, 0, 0, 7], [5, 0, 0, 0, 5], [5, 0, 7, 0, 5], [5, 0, 0, 0, 5], [5, 0, 7, 0, 5], [7, 0, 0, 0, 7]]}]}