{"test": [{"input": [[8, 0, 0, 0, 0, 0, 0, 0, 0, 0, 0, 0, 0], [0, 0, 0, 0, 0, 0, 0, 0, 0, 0, 0, 0, 0], [0, 0, 0, 0, 0, 0, 0, 0, 8, 0, 0, 0, 0], [8, 0, 0, 8, 0, 0, 0, 0, 0, 0, 0, 0, 0], [6, 8, 0, 6, 0, 0, 0, 0, 0, 0, 0, 0, 8], [6, 0, 0, 6, 0, 0, 0, 0, 0, 0, 0, 0, 0], [6, 0, 0, 6, 0, 0, 0, 0, 0, 0, 0, 0, 0], [6, 0, 0, 6, 0, 0, 8, 0, 0, 8, 0, 0, 0], [6, 0, 8, 6, 8, 0, 0, 0, 0, 0, 0, 0, 8], [6, 0, 0, 6, 0, 8, 0, 0, 0, 0, 0, 0, 0], [6, 8, 0, 6, 0, 0, 0, 0, 0, 0, 8, 0, 8], [6, 0, 0, 6, 0, 0, 0, 8, 0, 0, 0, 0, 0], [8, 0, 0, 8, 0, 0, 0, 0, 0, 0, 0, 0, 0], [0, 0, 0, 0, 0, 0, 0, 0, 0, 0, 0, 0, 8]], "output": [[8, 0, 0, 8], [6, 8, 0, 6], [6, 0, 0, 6], [6, 0, 0, 6], [6, 0, 0, 6], [6, 0, 8, 6], [6, 0, 0, 6], [6, 8, 0, 6], [6, 0, 0, 6], [8, 0, 0, 8]]}], "train": [{"input": [[0, 0, 0, 0, 0, 0, 0, 0, 0], [0, 8, 0, 0, 0, 8, 0, 0, 8], [0, 6, 0, 0, 0, 6, 0, 0, 0], [0, 6, 0, 8, 0, 6, 0, 8, 0], [0, 6, 0, 0, 0, 6, 0, 0, 0], [0, 8, 0, 0, 0, 8, 0, 0, 0], [0, 0, 0, 0, 0, 0, 0, 0, 0], [0, 0, 0, 8, 0, 0, 0, 8, 0], [0, 8, 0, 0, 0, 0, 0, 0, 0]], "output": [[8, 0, 0, 0, 8], [6, 0, 0, 0, 6], [6, 0, 8, 0, 6], [6, 0, 0, 0, 6], [8, 0, 0, 0, 8]]}, {"input": [[0, 8, 0, 0, 0, 0, 0, 0, 0, 0, 0], [0, 0, 8, 0, 0, 0, 8, 0, 0, 0, 8], [0, 0, 0, 0, 0, 0, 0, 0, 0, 8, 8], [0, 0, 8, 0, 0, 0, 0, 0, 8, 0, 0], [8, 0, 6, 0, 0, 0, 0, 0, 6, 0, 0], [0, 0, 6, 0, 0, 8, 8, 0, 6, 0, 0], [0, 0, 6, 0, 0, 0, 0, 0, 6, 0, 0], [0, 0, 8, 0, 8, 0, 0, 0, 8, 0, 0], [0, 8, 0, 0, 0, 0, 0, 0, 8, 8, 0]], "output": [[8, 0, 0, 0, 0, 0, 8], [6, 0, 0, 0, 0, 0, 6], [6, 0, 0, 8, 8, 0, 6], [6, 0, 0, 0, 0, 0, 6], [8, 0, 8, 0, 0, 0, 8]]}, {"input": [[0, 0, 0, 0, 0, 0, 0, 0, 0, 8, 8, 0, 0], [0, 0, 0, 0, 0, 0, 0, 0, 0, 0, 0, 0, 0], [0, 0, 0, 8, 0, 0, 0, 8, 0, 0, 0, 0, 0], [0, 0, 0, 6, 0, 0, 0, 6, 0, 8, 0, 0, 0], [0, 0, 8, 6, 0, 8, 0, 6, 0, 0, 0, 0, 0], [0, 0, 0, 6, 0, 0, 0, 6, 8, 0, 0, 0, 0], [0, 0, 8, 6, 0, 8, 0, 6, 0, 0, 0, 0, 0], [0, 0, 0, 8, 0, 0, 0, 8, 0, 0, 8, 0, 0], [0, 0, 0, 0, 0, 0, 0, 0, 0, 0, 8, 0, 0], [0, 0, 8, 8, 0, 0, 0, 8, 0, 0, 0, 0, 0], [0, 0, 0, 0, 0, 0, 0, 0, 8, 0, 0, 0, 0]], "output": [[8, 0, 0, 0, 8], [6, 0, 0, 0, 6], [6, 0, 8, 0, 6], [6, 0, 0, 0, 6], [6, 0, 8, 0, 6], [8, 0, 0, 0, 8]]}]}