{"test": [{"input": [[3, 0, 0, 0, 0, 0, 0, 0, 0, 0, 0, 0, 0], [0, 0, 0, 0, 0, 0, 0, 0, 0, 0, 0, 0, 0], [0, 0, 0, 0, 0, 0, 0, 0, 3, 0, 0, 0, 0], [3, 0, 0, 3, 0, 0, 0, 0, 0, 0, 0, 0, 0], [5, 3, 0, 5, 0, 0, 0, 0, 0, 0, 0, 0, 3], [5, 0, 0, 5, 0, 0, 0, 0, 0, 0, 0, 0, 0], [5, 0, 0, 5, 0, 0, 0, 0, 0, 0, 0, 0, 0], [5, 0, 0, 5, 0, 0, 3, 0, 0, 3, 0, 0, 0], [5, 0, 3, 5, 3, 0, 0, 0, 0, 0, 0, 0, 3], [5, 0, 0, 5, 0, 3, 0, 0, 0, 0, 0, 0, 0], [5, 3, 0, 5, 0, 0, 0, 0, 0, 0, 3, 0, 3], [5, 0, 0, 5, 0, 0, 0, 3, 0, 0, 0, 0, 0], [3, 0, 0, 3, 0, 0, 0, 0, 0, 0, 0, 0, 0], [0, 0, 0, 0, 0, 0, 0, 0, 0, 0, 0, 0, 3]], "output": [[3, 0, 0, 3], [5, 3, 0, 5], [5, 0, 0, 5], [5, 0, 0, 5], [5, 0, 0, 5], [5, 0, 3, 5], [5, 0, 0, 5], [5, 3, 0, 5], [5, 0, 0, 5], [3, 0, 0, 3]]}], "train": [{"input": [[0, 0, 0, 0, 0, 0, 0, 0, 0], [0, 3, 0, 0, 0, 3, 0, 0, 3], [0, 5, 0, 0, 0, 5, 0, 0, 0], [0, 5, 0, 3, 0, 5, 0, 3, 0], [0, 5, 0, 0, 0, 5, 0, 0, 0], [0, 3, 0, 0, 0, 3, 0, 0, 0], [0, 0, 0, 0, 0, 0, 0, 0, 0], [0, 0, 0, 3, 0, 0, 0, 3, 0], [0, 3, 0, 0, 0, 0, 0, 0, 0]], "output": [[3, 0, 0, 0, 3], [5, 0, 0, 0, 5], [5, 0, 3, 0, 5], [5, 0, 0, 0, 5], [3, 0, 0, 0, 3]]}, {"input": [[0, 3, 0, 0, 0, 0, 0, 0, 0, 0, 0], [0, 0, 3, 0, 0, 0, 3, 0, 0, 0, 3], [0, 0, 0, 0, 0, 0, 0, 0, 0, 3, 3], [0, 0, 3, 0, 0, 0, 0, 0, 3, 0, 0], [3, 0, 5, 0, 0, 0, 0, 0, 5, 0, 0], [0, 0, 5, 0, 0, 3, 3, 0, 5, 0, 0], [0, 0, 5, 0, 0, 0, 0, 0, 5, 0, 0], [0, 0, 3, 0, 3, 0, 0, 0, 3, 0, 0], [0, 3, 0, 0, 0, 0, 0, 0, 3, 3, 0]], "output": [[3, 0, 0, 0, 0, 0, 3], [5, 0, 0, 0, 0, 0, 5], [5, 0, 0, 3, 3, 0, 5], [5, 0, 0, 0, 0, 0, 5], [3, 0, 3, 0, 0, 0, 3]]}, {"input": [[0, 0, 0, 0, 0, 0, 0, 0, 0, 3, 3, 0, 0], [0, 0, 0, 0, 0, 0, 0, 0, 0, 0, 0, 0, 0], [0, 0, 0, 3, 0, 0, 0, 3, 0, 0, 0, 0, 0], [0, 0, 0, 5, 0, 0, 0, 5, 0, 3, 0, 0, 0], [0, 0, 3, 5, 0, 3, 0, 5, 0, 0, 0, 0, 0], [0, 0, 0, 5, 0, 0, 0, 5, 3, 0, 0, 0, 0], [0, 0, 3, 5, 0, 3, 0, 5, 0, 0, 0, 0, 0], [0, 0, 0, 3, 0, 0, 0, 3, 0, 0, 3, 0, 0], [0, 0, 0, 0, 0, 0, 0, 0, 0, 0, 3, 0, 0], [0, 0, 3, 3, 0, 0, 0, 3, 0, 0, 0, 0, 0], [0, 0, 0, 0, 0, 0, 0, 0, 3, 0, 0, 0, 0]], "output": [[3, 0, 0, 0, 3], [5, 0, 0, 0, 5], [5, 0, 3, 0, 5], [5, 0, 0, 0, 5], [5, 0, 3, 0, 5], [3, 0, 0, 0, 3]]}]}