{"test": [{"input": [[6, 0, 0, 0, 0, 0, 0, 0, 0, 0, 0, 0, 0], [0, 0, 0, 0, 0, 0, 0, 0, 0, 0, 0, 0, 0], [0, 0, 0, 0, 0, 0, 0, 0, 6, 0, 0, 0, 0], [6, 0, 0, 6, 0, 0, 0, 0, 0, 0, 0, 0, 0], [5, 6, 0, 5, 0, 0, 0, 0, 0, 0, 0, 0, 6], [5, 0, 0, 5, 0, 0, 0, 0, 0, 0, 0, 0, 0], [5, 0, 0, 5, 0, 0, 0, 0, 0, 0, 0, 0, 0], [5, 0, 0, 5, 0, 0, 6, 0, 0, 6, 0, 0, 0], [5, 0, 6, 5, 6, 0, 0, 0, 0, 0, 0, 0, 6], [5, 0, 0, 5, 0, 6, 0, 0, 0, 0, 0, 0, 0], [5, 6, 0, 5, 0, 0, 0, 0, 0, 0, 6, 0, 6], [5, 0, 0, 5, 0, 0, 0, 6, 0, 0, 0, 0, 0], [6, 0, 0, 6, 0, 0, 0, 0, 0, 0, 0, 0, 0], [0, 0, 0, 0, 0, 0, 0, 0, 0, 0, 0, 0, 6]], "output": [[6, 0, 0, 6], [5, 6, 0, 5], [5, 0, 0, 5], [5, 0, 0, 5], [5, 0, 0, 5], [5, 0, 6, 5], [5, 0, 0, 5], [5, 6, 0, 5], [5, 0, 0, 5], [6, 0, 0, 6]]}], "train": [{"input": [[0, 0, 0, 0, 0, 0, 0, 0, 0], [0, 6, 0, 0, 0, 6, 0, 0, 6], [0, 5, 0, 0, 0, 5, 0, 0, 0], [0, 5, 0, 6, 0, 5, 0, 6, 0], [0, 5, 0, 0, 0, 5, 0, 0, 0], [0, 6, 0, 0, 0, 6, 0, 0, 0], [0, 0, 0, 0, 0, 0, 0, 0, 0], [0, 0, 0, 6, 0, 0, 0, 6, 0], [0, 6, 0, 0, 0, 0, 0, 0, 0]], "output": [[6, 0, 0, 0, 6], [5, 0, 0, 0, 5], [5, 0, 6, 0, 5], [5, 0, 0, 0, 5], [6, 0, 0, 0, 6]]}, {"input": [[0, 6, 0, 0, 0, 0, 0, 0, 0, 0, 0], [0, 0, 6, 0, 0, 0, 6, 0, 0, 0, 6], [0, 0, 0, 0, 0, 0, 0, 0, 0, 6, 6], [0, 0, 6, 0, 0, 0, 0, 0, 6, 0, 0], [6, 0, 5, 0, 0, 0, 0, 0, 5, 0, 0], [0, 0, 5, 0, 0, 6, 6, 0, 5, 0, 0], [0, 0, 5, 0, 0, 0, 0, 0, 5, 0, 0], [0, 0, 6, 0, 6, 0, 0, 0, 6, 0, 0], [0, 6, 0, 0, 0, 0, 0, 0, 6, 6, 0]], "output": [[6, 0, 0, 0, 0, 0, 6], [5, 0, 0, 0, 0, 0, 5], [5, 0, 0, 6, 6, 0, 5], [5, 0, 0, 0, 0, 0, 5], [6, 0, 6, 0, 0, 0, 6]]}, {"input": [[0, 0, 0, 0, 0, 0, 0, 0, 0, 6, 6, 0, 0], [0, 0, 0, 0, 0, 0, 0, 0, 0, 0, 0, 0, 0], [0, 0, 0, 6, 0, 0, 0, 6, 0, 0, 0, 0, 0], [0, 0, 0, 5, 0, 0, 0, 5, 0, 6, 0, 0, 0], [0, 0, 6, 5, 0, 6, 0, 5, 0, 0, 0, 0, 0], [0, 0, 0, 5, 0, 0, 0, 5, 6, 0, 0, 0, 0], [0, 0, 6, 5, 0, 6, 0, 5, 0, 0, 0, 0, 0], [0, 0, 0, 6, 0, 0, 0, 6, 0, 0, 6, 0, 0], [0, 0, 0, 0, 0, 0, 0, 0, 0, 0, 6, 0, 0], [0, 0, 6, 6, 0, 0, 0, 6, 0, 0, 0, 0, 0], [0, 0, 0, 0, 0, 0, 0, 0, 6, 0, 0, 0, 0]], "output": [[6, 0, 0, 0, 6], [5, 0, 0, 0, 5], [5, 0, 6, 0, 5], [5, 0, 0, 0, 5], [5, 0, 6, 0, 5], [6, 0, 0, 0, 6]]}]}