{"test": [{"input": [[8, 0, 0, 0, 0, 0, 0, 0, 0, 0, 0, 0, 0], [0, 0, 0, 0, 0, 0, 0, 0, 0, 0, 0, 0, 0], [0, 0, 0, 0, 0, 0, 0, 0, 8, 0, 0, 0, 0], [8, 0, 0, 8, 0, 0, 0, 0, 0, 0, 0, 0, 0], [7, 8, 0, 7, 0, 0, 0, 0, 0, 0, 0, 0, 8], [7, 0, 0, 7, 0, 0, 0, 0, 0, 0, 0, 0, 0], [7, 0, 0, 7, 0, 0, 0, 0, 0, 0, 0, 0, 0], [7, 0, 0, 7, 0, 0, 8, 0, 0, 8, 0, 0, 0], [7, 0, 8, 7, 8, 0, 0, 0, 0, 0, 0, 0, 8], [7, 0, 0, 7, 0, 8, 0, 0, 0, 0, 0, 0, 0], [7, 8, 0, 7, 0, 0, 0, 0, 0, 0, 8, 0, 8], [7, 0, 0, 7, 0, 0, 0, 8, 0, 0, 0, 0, 0], [8, 0, 0, 8, 0, 0, 0, 0, 0, 0, 0, 0, 0], [0, 0, 0, 0, 0, 0, 0, 0, 0, 0, 0, 0, 8]], "output": [[8, 0, 0, 8], [7, 8, 0, 7], [7, 0, 0, 7], [7, 0, 0, 7], [7, 0, 0, 7], [7, 0, 8, 7], [7, 0, 0, 7], [7, 8, 0, 7], [7, 0, 0, 7], [8, 0, 0, 8]]}], "train": [{"input": [[0, 0, 0, 0, 0, 0, 0, 0, 0], [0, 8, 0, 0, 0, 8, 0, 0, 8], [0, 7, 0, 0, 0, 7, 0, 0, 0], [0, 7, 0, 8, 0, 7, 0, 8, 0], [0, 7, 0, 0, 0, 7, 0, 0, 0], [0, 8, 0, 0, 0, 8, 0, 0, 0], [0, 0, 0, 0, 0, 0, 0, 0, 0], [0, 0, 0, 8, 0, 0, 0, 8, 0], [0, 8, 0, 0, 0, 0, 0, 0, 0]], "output": [[8, 0, 0, 0, 8], [7, 0, 0, 0, 7], [7, 0, 8, 0, 7], [7, 0, 0, 0, 7], [8, 0, 0, 0, 8]]}, {"input": [[0, 8, 0, 0, 0, 0, 0, 0, 0, 0, 0], [0, 0, 8, 0, 0, 0, 8, 0, 0, 0, 8], [0, 0, 0, 0, 0, 0, 0, 0, 0, 8, 8], [0, 0, 8, 0, 0, 0, 0, 0, 8, 0, 0], [8, 0, 7, 0, 0, 0, 0, 0, 7, 0, 0], [0, 0, 7, 0, 0, 8, 8, 0, 7, 0, 0], [0, 0, 7, 0, 0, 0, 0, 0, 7, 0, 0], [0, 0, 8, 0, 8, 0, 0, 0, 8, 0, 0], [0, 8, 0, 0, 0, 0, 0, 0, 8, 8, 0]], "output": [[8, 0, 0, 0, 0, 0, 8], [7, 0, 0, 0, 0, 0, 7], [7, 0, 0, 8, 8, 0, 7], [7, 0, 0, 0, 0, 0, 7], [8, 0, 8, 0, 0, 0, 8]]}, {"input": [[0, 0, 0, 0, 0, 0, 0, 0, 0, 8, 8, 0, 0], [0, 0, 0, 0, 0, 0, 0, 0, 0, 0, 0, 0, 0], [0, 0, 0, 8, 0, 0, 0, 8, 0, 0, 0, 0, 0], [0, 0, 0, 7, 0, 0, 0, 7, 0, 8, 0, 0, 0], [0, 0, 8, 7, 0, 8, 0, 7, 0, 0, 0, 0, 0], [0, 0, 0, 7, 0, 0, 0, 7, 8, 0, 0, 0, 0], [0, 0, 8, 7, 0, 8, 0, 7, 0, 0, 0, 0, 0], [0, 0, 0, 8, 0, 0, 0, 8, 0, 0, 8, 0, 0], [0, 0, 0, 0, 0, 0, 0, 0, 0, 0, 8, 0, 0], [0, 0, 8, 8, 0, 0, 0, 8, 0, 0, 0, 0, 0], [0, 0, 0, 0, 0, 0, 0, 0, 8, 0, 0, 0, 0]], "output": [[8, 0, 0, 0, 8], [7, 0, 0, 0, 7], [7, 0, 8, 0, 7], [7, 0, 0, 0, 7], [7, 0, 8, 0, 7], [8, 0, 0, 0, 8]]}]}