{"test": [{"input": [[9, 0, 0, 0, 0, 0, 0, 0, 0, 0, 0, 0, 0], [0, 0, 0, 0, 0, 0, 0, 0, 0, 0, 0, 0, 0], [0, 0, 0, 0, 0, 0, 0, 0, 9, 0, 0, 0, 0], [9, 0, 0, 9, 0, 0, 0, 0, 0, 0, 0, 0, 0], [5, 9, 0, 5, 0, 0, 0, 0, 0, 0, 0, 0, 9], [5, 0, 0, 5, 0, 0, 0, 0, 0, 0, 0, 0, 0], [5, 0, 0, 5, 0, 0, 0, 0, 0, 0, 0, 0, 0], [5, 0, 0, 5, 0, 0, 9, 0, 0, 9, 0, 0, 0], [5, 0, 9, 5, 9, 0, 0, 0, 0, 0, 0, 0, 9], [5, 0, 0, 5, 0, 9, 0, 0, 0, 0, 0, 0, 0], [5, 9, 0, 5, 0, 0, 0, 0, 0, 0, 9, 0, 9], [5, 0, 0, 5, 0, 0, 0, 9, 0, 0, 0, 0, 0], [9, 0, 0, 9, 0, 0, 0, 0, 0, 0, 0, 0, 0], [0, 0, 0, 0, 0, 0, 0, 0, 0, 0, 0, 0, 9]], "output": [[9, 0, 0, 9], [5, 9, 0, 5], [5, 0, 0, 5], [5, 0, 0, 5], [5, 0, 0, 5], [5, 0, 9, 5], [5, 0, 0, 5], [5, 9, 0, 5], [5, 0, 0, 5], [9, 0, 0, 9]]}], "train": [{"input": [[0, 0, 0, 0, 0, 0, 0, 0, 0], [0, 9, 0, 0, 0, 9, 0, 0, 9], [0, 5, 0, 0, 0, 5, 0, 0, 0], [0, 5, 0, 9, 0, 5, 0, 9, 0], [0, 5, 0, 0, 0, 5, 0, 0, 0], [0, 9, 0, 0, 0, 9, 0, 0, 0], [0, 0, 0, 0, 0, 0, 0, 0, 0], [0, 0, 0, 9, 0, 0, 0, 9, 0], [0, 9, 0, 0, 0, 0, 0, 0, 0]], "output": [[9, 0, 0, 0, 9], [5, 0, 0, 0, 5], [5, 0, 9, 0, 5], [5, 0, 0, 0, 5], [9, 0, 0, 0, 9]]}, {"input": [[0, 9, 0, 0, 0, 0, 0, 0, 0, 0, 0], [0, 0, 9, 0, 0, 0, 9, 0, 0, 0, 9], [0, 0, 0, 0, 0, 0, 0, 0, 0, 9, 9], [0, 0, 9, 0, 0, 0, 0, 0, 9, 0, 0], [9, 0, 5, 0, 0, 0, 0, 0, 5, 0, 0], [0, 0, 5, 0, 0, 9, 9, 0, 5, 0, 0], [0, 0, 5, 0, 0, 0, 0, 0, 5, 0, 0], [0, 0, 9, 0, 9, 0, 0, 0, 9, 0, 0], [0, 9, 0, 0, 0, 0, 0, 0, 9, 9, 0]], "output": [[9, 0, 0, 0, 0, 0, 9], [5, 0, 0, 0, 0, 0, 5], [5, 0, 0, 9, 9, 0, 5], [5, 0, 0, 0, 0, 0, 5], [9, 0, 9, 0, 0, 0, 9]]}, {"input": [[0, 0, 0, 0, 0, 0, 0, 0, 0, 9, 9, 0, 0], [0, 0, 0, 0, 0, 0, 0, 0, 0, 0, 0, 0, 0], [0, 0, 0, 9, 0, 0, 0, 9, 0, 0, 0, 0, 0], [0, 0, 0, 5, 0, 0, 0, 5, 0, 9, 0, 0, 0], [0, 0, 9, 5, 0, 9, 0, 5, 0, 0, 0, 0, 0], [0, 0, 0, 5, 0, 0, 0, 5, 9, 0, 0, 0, 0], [0, 0, 9, 5, 0, 9, 0, 5, 0, 0, 0, 0, 0], [0, 0, 0, 9, 0, 0, 0, 9, 0, 0, 9, 0, 0], [0, 0, 0, 0, 0, 0, 0, 0, 0, 0, 9, 0, 0], [0, 0, 9, 9, 0, 0, 0, 9, 0, 0, 0, 0, 0], [0, 0, 0, 0, 0, 0, 0, 0, 9, 0, 0, 0, 0]], "output": [[9, 0, 0, 0, 9], [5, 0, 0, 0, 5], [5, 0, 9, 0, 5], [5, 0, 0, 0, 5], [5, 0, 9, 0, 5], [9, 0, 0, 0, 9]]}]}