{"test": [{"input": [[7, 7, 9, 9], [7, 7, 7, 7], [7, 7, 9, 9]], "output": [[7, 7, 9, 9], [7, 7, 7, 7], [7, 7, 9, 9], [7, 7, 9, 9], [7, 7, 7, 7], [7, 7, 9, 9]]}], "train": [{"input": [[9, 9, 5, 9], [5, 5, 9, 9], [9, 5, 9, 9]], "output": [[9, 5, 9, 9], [5, 5, 9, 9], [9, 9, 5, 9], [9, 9, 5, 9], [5, 5, 9, 9], [9, 5, 9, 9]]}, {"input": [[7, 1, 1, 7], [1, 1, 1, 1], [7, 7, 7, 1]], "output": [[7, 7, 7, 1], [1, 1, 1, 1], [7, 1, 1, 7], [7, 1, 1, 7], [1, 1, 1, 1], [7, 7, 7, 1]]}, {"input": [[9, 7, 9, 7], [9, 9, 7, 7], [7, 7, 7, 7]], "output": [[7, 7, 7, 7], [9, 9, 7, 7], [9, 7, 9, 7], [9, 7, 9, 7], [9, 9, 7, 7], [7, 7, 7, 7]]}, {"input": [[3, 3, 5, 5], [3, 5, 5, 3], [5, 5, 3, 3]], "output": [[5, 5, 3, 3], [3, 5, 5, 3], [3, 3, 5, 5], [3, 3, 5, 5], [3, 5, 5, 3], [5, 5, 3, 3]]}]}