{"test": [{"input": [[4, 4, 8, 8], [4, 4, 4, 4], [4, 4, 8, 8]], "output": [[4, 4, 8, 8], [4, 4, 4, 4], [4, 4, 8, 8], [4, 4, 8, 8], [4, 4, 4, 4], [4, 4, 8, 8]]}], "train": [{"input": [[8, 8, 5, 8], [5, 5, 8, 8], [8, 5, 8, 8]], "output": [[8, 5, 8, 8], [5, 5, 8, 8], [8, 8, 5, 8], [8, 8, 5, 8], [5, 5, 8, 8], [8, 5, 8, 8]]}, {"input": [[4, 1, 1, 4], [1, 1, 1, 1], [4, 4, 4, 1]], "output": [[4, 4, 4, 1], [1, 1, 1, 1], [4, 1, 1, 4], [4, 1, 1, 4], [1, 1, 1, 1], [4, 4, 4, 1]]}, {"input": [[8, 4, 8, 4], [8, 8, 4, 4], [4, 4, 4, 4]], "output": [[4, 4, 4, 4], [8, 8, 4, 4], [8, 4, 8, 4], [8, 4, 8, 4], [8, 8, 4, 4], [4, 4, 4, 4]]}, {"input": [[3, 3, 5, 5], [3, 5, 5, 3], [5, 5, 3, 3]], "output": [[5, 5, 3, 3], [3, 5, 5, 3], [3, 3, 5, 5], [3, 3, 5, 5], [3, 5, 5, 3], [5, 5, 3, 3]]}]}