{"test": [{"input": [[5, 5, 9, 9], [5, 5, 5, 5], [5, 5, 9, 9]], "output": [[5, 5, 9, 9], [5, 5, 5, 5], [5, 5, 9, 9], [5, 5, 9, 9], [5, 5, 5, 5], [5, 5, 9, 9]]}], "train": [{"input": [[9, 9, 5, 9], [5, 5, 9, 9], [9, 5, 9, 9]], "output": [[9, 5, 9, 9], [5, 5, 9, 9], [9, 9, 5, 9], [9, 9, 5, 9], [5, 5, 9, 9], [9, 5, 9, 9]]}, {"input": [[5, 1, 1, 5], [1, 1, 1, 1], [5, 5, 5, 1]], "output": [[5, 5, 5, 1], [1, 1, 1, 1], [5, 1, 1, 5], [5, 1, 1, 5], [1, 1, 1, 1], [5, 5, 5, 1]]}, {"input": [[9, 5, 9, 5], [9, 9, 5, 5], [5, 5, 5, 5]], "output": [[5, 5, 5, 5], [9, 9, 5, 5], [9, 5, 9, 5], [9, 5, 9, 5], [9, 9, 5, 5], [5, 5, 5, 5]]}, {"input": [[3, 3, 5, 5], [3, 5, 5, 3], [5, 5, 3, 3]], "output": [[5, 5, 3, 3], [3, 5, 5, 3], [3, 3, 5, 5], [3, 3, 5, 5], [3, 5, 5, 3], [5, 5, 3, 3]]}]}