{"test": [{"input": [[4, 4, 7, 7], [4, 4, 4, 4], [4, 4, 7, 7]], "output": [[4, 4, 7, 7], [4, 4, 4, 4], [4, 4, 7, 7], [4, 4, 7, 7], [4, 4, 4, 4], [4, 4, 7, 7]]}], "train": [{"input": [[7, 7, 5, 7], [5, 5, 7, 7], [7, 5, 7, 7]], "output": [[7, 5, 7, 7], [5, 5, 7, 7], [7, 7, 5, 7], [7, 7, 5, 7], [5, 5, 7, 7], [7, 5, 7, 7]]}, {"input": [[4, 1, 1, 4], [1, 1, 1, 1], [4, 4, 4, 1]], "output": [[4, 4, 4, 1], [1, 1, 1, 1], [4, 1, 1, 4], [4, 1, 1, 4], [1, 1, 1, 1], [4, 4, 4, 1]]}, {"input": [[7, 4, 7, 4], [7, 7, 4, 4], [4, 4, 4, 4]], "output": [[4, 4, 4, 4], [7, 7, 4, 4], [7, 4, 7, 4], [7, 4, 7, 4], [7, 7, 4, 4], [4, 4, 4, 4]]}, {"input": [[3, 3, 5, 5], [3, 5, 5, 3], [5, 5, 3, 3]], "output": [[5, 5, 3, 3], [3, 5, 5, 3], [3, 3, 5, 5], [3, 3, 5, 5], [3, 5, 5, 3], [5, 5, 3, 3]]}]}