{"test": [{"input": [[2, 2, 9, 9], [2, 2, 2, 2], [2, 2, 9, 9]], "output": [[2, 2, 9, 9], [2, 2, 2, 2], [2, 2, 9, 9], [2, 2, 9, 9], [2, 2, 2, 2], [2, 2, 9, 9]]}], "train": [{"input": [[9, 9, 5, 9], [5, 5, 9, 9], [9, 5, 9, 9]], "output": [[9, 5, 9, 9], [5, 5, 9, 9], [9, 9, 5, 9], [9, 9, 5, 9], [5, 5, 9, 9], [9, 5, 9, 9]]}, {"input": [[2, 1, 1, 2], [1, 1, 1, 1], [2, 2, 2, 1]], "output": [[2, 2, 2, 1], [1, 1, 1, 1], [2, 1, 1, 2], [2, 1, 1, 2], [1, 1, 1, 1], [2, 2, 2, 1]]}, {"input": [[9, 2, 9, 2], [9, 9, 2, 2], [2, 2, 2, 2]], "output": [[2, 2, 2, 2], [9, 9, 2, 2], [9, 2, 9, 2], [9, 2, 9, 2], [9, 9, 2, 2], [2, 2, 2, 2]]}, {"input": [[3, 3, 5, 5], [3, 5, 5, 3], [5, 5, 3, 3]], "output": [[5, 5, 3, 3], [3, 5, 5, 3], [3, 3, 5, 5], [3, 3, 5, 5], [3, 5, 5, 3], [5, 5, 3, 3]]}]}