{"test": [{"input": [[4, 4, 2, 2], [4, 4, 4, 4], [4, 4, 2, 2]], "output": [[4, 4, 2, 2], [4, 4, 4, 4], [4, 4, 2, 2], [4, 4, 2, 2], [4, 4, 4, 4], [4, 4, 2, 2]]}], "train": [{"input": [[2, 2, 5, 2], [5, 5, 2, 2], [2, 5, 2, 2]], "output": [[2, 5, 2, 2], [5, 5, 2, 2], [2, 2, 5, 2], [2, 2, 5, 2], [5, 5, 2, 2], [2, 5, 2, 2]]}, {"input": [[4, 1, 1, 4], [1, 1, 1, 1], [4, 4, 4, 1]], "output": [[4, 4, 4, 1], [1, 1, 1, 1], [4, 1, 1, 4], [4, 1, 1, 4], [1, 1, 1, 1], [4, 4, 4, 1]]}, {"input": [[2, 4, 2, 4], [2, 2, 4, 4], [4, 4, 4, 4]], "output": [[4, 4, 4, 4], [2, 2, 4, 4], [2, 4, 2, 4], [2, 4, 2, 4], [2, 2, 4, 4], [4, 4, 4, 4]]}, {"input": [[3, 3, 5, 5], [3, 5, 5, 3], [5, 5, 3, 3]], "output": [[5, 5, 3, 3], [3, 5, 5, 3], [3, 3, 5, 5], [3, 3, 5, 5], [3, 5, 5, 3], [5, 5, 3, 3]]}]}