{"test": [{"input": [[4, 4, 9, 9], [4, 4, 4, 4], [4, 4, 9, 9]], "output": [[4, 4, 9, 9], [4, 4, 4, 4], [4, 4, 9, 9], [4, 4, 9, 9], [4, 4, 4, 4], [4, 4, 9, 9]]}], "train": [{"input": [[9, 9, 2, 9], [2, 2, 9, 9], [9, 2, 9, 9]], "output": [[9, 2, 9, 9], [2, 2, 9, 9], [9, 9, 2, 9], [9, 9, 2, 9], [2, 2, 9, 9], [9, 2, 9, 9]]}, {"input": [[4, 1, 1, 4], [1, 1, 1, 1], [4, 4, 4, 1]], "output": [[4, 4, 4, 1], [1, 1, 1, 1], [4, 1, 1, 4], [4, 1, 1, 4], [1, 1, 1, 1], [4, 4, 4, 1]]}, {"input": [[9, 4, 9, 4], [9, 9, 4, 4], [4, 4, 4, 4]], "output": [[4, 4, 4, 4], [9, 9, 4, 4], [9, 4, 9, 4], [9, 4, 9, 4], [9, 9, 4, 4], [4, 4, 4, 4]]}, {"input": [[3, 3, 2, 2], [3, 2, 2, 3], [2, 2, 3, 3]], "output": [[2, 2, 3, 3], [3, 2, 2, 3], [3, 3, 2, 2], [3, 3, 2, 2], [3, 2, 2, 3], [2, 2, 3, 3]]}]}