{"test": [{"input": [[0, 0, 0], [0, 0, 9], [9, 0, 0]], "output": [[0, 0, 0], [0, 0, 9], [9, 0, 0], [9, 0, 0], [0, 0, 9], [0, 0, 0]]}], "train": [{"input": [[9, 9, 0], [9, 9, 9], [0, 0, 0]], "output": [[9, 9, 0], [9, 9, 9], [0, 0, 0], [0, 0, 0], [9, 9, 9], [9, 9, 0]]}, {"input": [[0, 0, 0], [9, 0, 9], [9, 9, 0]], "output": [[0, 0, 0], [9, 0, 9], [9, 9, 0], [9, 9, 0], [9, 0, 9], [0, 0, 0]]}, {"input": [[0, 0, 0], [0, 0, 9], [0, 0, 9]], "output": [[0, 0, 0], [0, 0, 9], [0, 0, 9], [0, 0, 9], [0, 0, 9], [0, 0, 0]]}]}