{"test": [{"input": [[0, 0, 0], [0, 0, 8], [8, 0, 0]], "output": [[0, 0, 0], [0, 0, 8], [8, 0, 0], [8, 0, 0], [0, 0, 8], [0, 0, 0]]}], "train": [{"input": [[8, 8, 0], [8, 8, 8], [0, 0, 0]], "output": [[8, 8, 0], [8, 8, 8], [0, 0, 0], [0, 0, 0], [8, 8, 8], [8, 8, 0]]}, {"input": [[0, 0, 0], [8, 0, 8], [8, 8, 0]], "output": [[0, 0, 0], [8, 0, 8], [8, 8, 0], [8, 8, 0], [8, 0, 8], [0, 0, 0]]}, {"input": [[0, 0, 0], [0, 0, 8], [0, 0, 8]], "output": [[0, 0, 0], [0, 0, 8], [0, 0, 8], [0, 0, 8], [0, 0, 8], [0, 0, 0]]}]}