{"test": [{"input": [[0, 0, 0], [0, 0, 4], [4, 0, 0]], "output": [[0, 0, 0], [0, 0, 4], [4, 0, 0], [4, 0, 0], [0, 0, 4], [0, 0, 0]]}], "train": [{"input": [[4, 4, 0], [4, 4, 4], [0, 0, 0]], "output": [[4, 4, 0], [4, 4, 4], [0, 0, 0], [0, 0, 0], [4, 4, 4], [4, 4, 0]]}, {"input": [[0, 0, 0], [4, 0, 4], [4, 4, 0]], "output": [[0, 0, 0], [4, 0, 4], [4, 4, 0], [4, 4, 0], [4, 0, 4], [0, 0, 0]]}, {"input": [[0, 0, 0], [0, 0, 4], [0, 0, 4]], "output": [[0, 0, 0], [0, 0, 4], [0, 0, 4], [0, 0, 4], [0, 0, 4], [0, 0, 0]]}]}