{"test": [{"input": [[2, 0, 0, 7, 8], [2, 4, 4, 0, 0], [0, 5, 6, 6, 0], [3, 5, 6, 0, 0], [0, 5, 0, 0, 0]], "output": [[2, 2, 0, 0, 0, 0, 7, 7, 8, 8], [2, 2, 0, 0, 0, 0, 7, 7, 8, 8], [2, 2, 4, 4, 4, 4, 0, 0, 0, 0], [2, 2, 4, 4, 4, 4, 0, 0, 0, 0], [0, 0, 5, 5, 6, 6, 6, 6, 0, 0], [0, 0, 5, 5, 6, 6, 6, 6, 0, 0], [3, 3, 5, 5, 6, 6, 0, 0, 0, 0], [3, 3, 5, 5, 6, 6, 0, 0, 0, 0], [0, 0, 5, 5, 0, 0, 0, 0, 0, 0], [0, 0, 5, 5, 0, 0, 0, 0, 0, 0]]}], "train": [{"input": [[0, 5, 4], [5, 5, 5], [2, 5, 0]], "output": [[0, 0, 5, 5, 4, 4], [0, 0, 5, 5, 4, 4], [5, 5, 5, 5, 5, 5], [5, 5, 5, 5, 5, 5], [2, 2, 5, 5, 0, 0], [2, 2, 5, 5, 0, 0]]}, {"input": [[2, 4], [3, 4]], "output": [[2, 2, 4, 4], [2, 2, 4, 4], [3, 3, 4, 4], [3, 3, 4, 4]]}, {"input": [[2, 0, 3, 0], [2, 4, 3, 0], [0, 0, 3, 3], [0, 0, 3, 5]], "output": [[2, 2, 0, 0, 3, 3, 0, 0], [2, 2, 0, 0, 3, 3, 0, 0], [2, 2, 4, 4, 3, 3, 0, 0], [2, 2, 4, 4, 3, 3, 0, 0], [0, 0, 0, 0, 3, 3, 3, 3], [0, 0, 0, 0, 3, 3, 3, 3], [0, 0, 0, 0, 3, 3, 5, 5], [0, 0, 0, 0, 3, 3, 5, 5]]}]}