{"test": [{"input": [[2, 0, 0, 7, 8], [2, 1, 1, 0, 0], [0, 4, 6, 6, 0], [3, 4, 6, 0, 0], [0, 4, 0, 0, 0]], "output": [[2, 2, 0, 0, 0, 0, 7, 7, 8, 8], [2, 2, 0, 0, 0, 0, 7, 7, 8, 8], [2, 2, 1, 1, 1, 1, 0, 0, 0, 0], [2, 2, 1, 1, 1, 1, 0, 0, 0, 0], [0, 0, 4, 4, 6, 6, 6, 6, 0, 0], [0, 0, 4, 4, 6, 6, 6, 6, 0, 0], [3, 3, 4, 4, 6, 6, 0, 0, 0, 0], [3, 3, 4, 4, 6, 6, 0, 0, 0, 0], [0, 0, 4, 4, 0, 0, 0, 0, 0, 0], [0, 0, 4, 4, 0, 0, 0, 0, 0, 0]]}], "train": [{"input": [[0, 4, 1], [4, 4, 4], [2, 4, 0]], "output": [[0, 0, 4, 4, 1, 1], [0, 0, 4, 4, 1, 1], [4, 4, 4, 4, 4, 4], [4, 4, 4, 4, 4, 4], [2, 2, 4, 4, 0, 0], [2, 2, 4, 4, 0, 0]]}, {"input": [[2, 1], [3, 1]], "output": [[2, 2, 1, 1], [2, 2, 1, 1], [3, 3, 1, 1], [3, 3, 1, 1]]}, {"input": [[2, 0, 3, 0], [2, 1, 3, 0], [0, 0, 3, 3], [0, 0, 3, 4]], "output": [[2, 2, 0, 0, 3, 3, 0, 0], [2, 2, 0, 0, 3, 3, 0, 0], [2, 2, 1, 1, 3, 3, 0, 0], [2, 2, 1, 1, 3, 3, 0, 0], [0, 0, 0, 0, 3, 3, 3, 3], [0, 0, 0, 0, 3, 3, 3, 3], [0, 0, 0, 0, 3, 3, 4, 4], [0, 0, 0, 0, 3, 3, 4, 4]]}]}