{"test": [{"input": [[2, 0, 0, 7, 8], [2, 1, 1, 0, 0], [0, 8, 6, 6, 0], [3, 8, 6, 0, 0], [0, 8, 0, 0, 0]], "output": [[2, 2, 0, 0, 0, 0, 7, 7, 8, 8], [2, 2, 0, 0, 0, 0, 7, 7, 8, 8], [2, 2, 1, 1, 1, 1, 0, 0, 0, 0], [2, 2, 1, 1, 1, 1, 0, 0, 0, 0], [0, 0, 8, 8, 6, 6, 6, 6, 0, 0], [0, 0, 8, 8, 6, 6, 6, 6, 0, 0], [3, 3, 8, 8, 6, 6, 0, 0, 0, 0], [3, 3, 8, 8, 6, 6, 0, 0, 0, 0], [0, 0, 8, 8, 0, 0, 0, 0, 0, 0], [0, 0, 8, 8, 0, 0, 0, 0, 0, 0]]}], "train": [{"input": [[0, 8, 1], [8, 8, 8], [2, 8, 0]], "output": [[0, 0, 8, 8, 1, 1], [0, 0, 8, 8, 1, 1], [8, 8, 8, 8, 8, 8], [8, 8, 8, 8, 8, 8], [2, 2, 8, 8, 0, 0], [2, 2, 8, 8, 0, 0]]}, {"input": [[2, 1], [3, 1]], "output": [[2, 2, 1, 1], [2, 2, 1, 1], [3, 3, 1, 1], [3, 3, 1, 1]]}, {"input": [[2, 0, 3, 0], [2, 1, 3, 0], [0, 0, 3, 3], [0, 0, 3, 8]], "output": [[2, 2, 0, 0, 3, 3, 0, 0], [2, 2, 0, 0, 3, 3, 0, 0], [2, 2, 1, 1, 3, 3, 0, 0], [2, 2, 1, 1, 3, 3, 0, 0], [0, 0, 0, 0, 3, 3, 3, 3], [0, 0, 0, 0, 3, 3, 3, 3], [0, 0, 0, 0, 3, 3, 8, 8], [0, 0, 0, 0, 3, 3, 8, 8]]}]}