{"test": [{"input": [[2, 0, 0, 7, 8], [2, 1, 1, 0, 0], [0, 5, 6, 6, 0], [8, 5, 6, 0, 0], [0, 5, 0, 0, 0]], "output": [[2, 2, 0, 0, 0, 0, 7, 7, 8, 8], [2, 2, 0, 0, 0, 0, 7, 7, 8, 8], [2, 2, 1, 1, 1, 1, 0, 0, 0, 0], [2, 2, 1, 1, 1, 1, 0, 0, 0, 0], [0, 0, 5, 5, 6, 6, 6, 6, 0, 0], [0, 0, 5, 5, 6, 6, 6, 6, 0, 0], [8, 8, 5, 5, 6, 6, 0, 0, 0, 0], [8, 8, 5, 5, 6, 6, 0, 0, 0, 0], [0, 0, 5, 5, 0, 0, 0, 0, 0, 0], [0, 0, 5, 5, 0, 0, 0, 0, 0, 0]]}], "train": [{"input": [[0, 5, 1], [5, 5, 5], [2, 5, 0]], "output": [[0, 0, 5, 5, 1, 1], [0, 0, 5, 5, 1, 1], [5, 5, 5, 5, 5, 5], [5, 5, 5, 5, 5, 5], [2, 2, 5, 5, 0, 0], [2, 2, 5, 5, 0, 0]]}, {"input": [[2, 1], [8, 1]], "output": [[2, 2, 1, 1], [2, 2, 1, 1], [8, 8, 1, 1], [8, 8, 1, 1]]}, {"input": [[2, 0, 8, 0], [2, 1, 8, 0], [0, 0, 8, 8], [0, 0, 8, 5]], "output": [[2, 2, 0, 0, 8, 8, 0, 0], [2, 2, 0, 0, 8, 8, 0, 0], [2, 2, 1, 1, 8, 8, 0, 0], [2, 2, 1, 1, 8, 8, 0, 0], [0, 0, 0, 0, 8, 8, 8, 8], [0, 0, 0, 0, 8, 8, 8, 8], [0, 0, 0, 0, 8, 8, 5, 5], [0, 0, 0, 0, 8, 8, 5, 5]]}]}