{"test": [{"input": [[2, 0, 0, 7, 8], [2, 7, 7, 0, 0], [0, 5, 6, 6, 0], [3, 5, 6, 0, 0], [0, 5, 0, 0, 0]], "output": [[2, 2, 0, 0, 0, 0, 7, 7, 8, 8], [2, 2, 0, 0, 0, 0, 7, 7, 8, 8], [2, 2, 7, 7, 7, 7, 0, 0, 0, 0], [2, 2, 7, 7, 7, 7, 0, 0, 0, 0], [0, 0, 5, 5, 6, 6, 6, 6, 0, 0], [0, 0, 5, 5, 6, 6, 6, 6, 0, 0], [3, 3, 5, 5, 6, 6, 0, 0, 0, 0], [3, 3, 5, 5, 6, 6, 0, 0, 0, 0], [0, 0, 5, 5, 0, 0, 0, 0, 0, 0], [0, 0, 5, 5, 0, 0, 0, 0, 0, 0]]}], "train": [{"input": [[0, 5, 7], [5, 5, 5], [2, 5, 0]], "output": [[0, 0, 5, 5, 7, 7], [0, 0, 5, 5, 7, 7], [5, 5, 5, 5, 5, 5], [5, 5, 5, 5, 5, 5], [2, 2, 5, 5, 0, 0], [2, 2, 5, 5, 0, 0]]}, {"input": [[2, 7], [3, 7]], "output": [[2, 2, 7, 7], [2, 2, 7, 7], [3, 3, 7, 7], [3, 3, 7, 7]]}, {"input": [[2, 0, 3, 0], [2, 7, 3, 0], [0, 0, 3, 3], [0, 0, 3, 5]], "output": [[2, 2, 0, 0, 3, 3, 0, 0], [2, 2, 0, 0, 3, 3, 0, 0], [2, 2, 7, 7, 3, 3, 0, 0], [2, 2, 7, 7, 3, 3, 0, 0], [0, 0, 0, 0, 3, 3, 3, 3], [0, 0, 0, 0, 3, 3, 3, 3], [0, 0, 0, 0, 3, 3, 5, 5], [0, 0, 0, 0, 3, 3, 5, 5]]}]}