{"test": [{"input": [[9, 0, 0, 7, 8], [9, 1, 1, 0, 0], [0, 5, 6, 6, 0], [3, 5, 6, 0, 0], [0, 5, 0, 0, 0]], "output": [[9, 9, 0, 0, 0, 0, 7, 7, 8, 8], [9, 9, 0, 0, 0, 0, 7, 7, 8, 8], [9, 9, 1, 1, 1, 1, 0, 0, 0, 0], [9, 9, 1, 1, 1, 1, 0, 0, 0, 0], [0, 0, 5, 5, 6, 6, 6, 6, 0, 0], [0, 0, 5, 5, 6, 6, 6, 6, 0, 0], [3, 3, 5, 5, 6, 6, 0, 0, 0, 0], [3, 3, 5, 5, 6, 6, 0, 0, 0, 0], [0, 0, 5, 5, 0, 0, 0, 0, 0, 0], [0, 0, 5, 5, 0, 0, 0, 0, 0, 0]]}], "train": [{"input": [[0, 5, 1], [5, 5, 5], [9, 5, 0]], "output": [[0, 0, 5, 5, 1, 1], [0, 0, 5, 5, 1, 1], [5, 5, 5, 5, 5, 5], [5, 5, 5, 5, 5, 5], [9, 9, 5, 5, 0, 0], [9, 9, 5, 5, 0, 0]]}, {"input": [[9, 1], [3, 1]], "output": [[9, 9, 1, 1], [9, 9, 1, 1], [3, 3, 1, 1], [3, 3, 1, 1]]}, {"input": [[9, 0, 3, 0], [9, 1, 3, 0], [0, 0, 3, 3], [0, 0, 3, 5]], "output": [[9, 9, 0, 0, 3, 3, 0, 0], [9, 9, 0, 0, 3, 3, 0, 0], [9, 9, 1, 1, 3, 3, 0, 0], [9, 9, 1, 1, 3, 3, 0, 0], [0, 0, 0, 0, 3, 3, 3, 3], [0, 0, 0, 0, 3, 3, 3, 3], [0, 0, 0, 0, 3, 3, 5, 5], [0, 0, 0, 0, 3, 3, 5, 5]]}]}