{"test": [{"input": [[2, 0, 0, 7, 3], [2, 1, 1, 0, 0], [0, 5, 6, 6, 0], [3, 5, 6, 0, 0], [0, 5, 0, 0, 0]], "output": [[2, 2, 0, 0, 0, 0, 7, 7, 3, 3], [2, 2, 0, 0, 0, 0, 7, 7, 3, 3], [2, 2, 1, 1, 1, 1, 0, 0, 0, 0], [2, 2, 1, 1, 1, 1, 0, 0, 0, 0], [0, 0, 5, 5, 6, 6, 6, 6, 0, 0], [0, 0, 5, 5, 6, 6, 6, 6, 0, 0], [3, 3, 5, 5, 6, 6, 0, 0, 0, 0], [3, 3, 5, 5, 6, 6, 0, 0, 0, 0], [0, 0, 5, 5, 0, 0, 0, 0, 0, 0], [0, 0, 5, 5, 0, 0, 0, 0, 0, 0]]}], "train": [{"input": [[0, 5, 1], [5, 5, 5], [2, 5, 0]], "output": [[0, 0, 5, 5, 1, 1], [0, 0, 5, 5, 1, 1], [5, 5, 5, 5, 5, 5], [5, 5, 5, 5, 5, 5], [2, 2, 5, 5, 0, 0], [2, 2, 5, 5, 0, 0]]}, {"input": [[2, 1], [3, 1]], "output": [[2, 2, 1, 1], [2, 2, 1, 1], [3, 3, 1, 1], [3, 3, 1, 1]]}, {"input": [[2, 0, 3, 0], [2, 1, 3, 0], [0, 0, 3, 3], [0, 0, 3, 5]], "output": [[2, 2, 0, 0, 3, 3, 0, 0], [2, 2, 0, 0, 3, 3, 0, 0], [2, 2, 1, 1, 3, 3, 0, 0], [2, 2, 1, 1, 3, 3, 0, 0], [0, 0, 0, 0, 3, 3, 3, 3], [0, 0, 0, 0, 3, 3, 3, 3], [0, 0, 0, 0, 3, 3, 5, 5], [0, 0, 0, 0, 3, 3, 5, 5]]}]}