{"test": [{"input": [[1, 7, 7, 1, 7], [9, 1, 7, 7, 7], [9, 7, 1, 7, 9]], "output": [[1, 5, 5, 1, 5], [9, 1, 5, 5, 5], [9, 5, 1, 5, 9]]}], "train": [{"input": [[1, 9, 9, 7, 7, 9], [1, 1, 7, 7, 1, 9], [7, 1, 1, 7, 7, 9]], "output": [[1, 9, 9, 5, 5, 9], [1, 1, 5, 5, 1, 9], [5, 1, 1, 5, 5, 9]]}, {"input": [[7, 7, 7, 1], [1, 9, 1, 7], [7, 1, 1, 7]], "output": [[5, 5, 5, 1], [1, 9, 1, 5], [5, 1, 1, 5]]}, {"input": [[1, 9, 1, 7, 1], [7, 9, 9, 1, 1], [7, 1, 9, 9, 7]], "output": [[1, 9, 1, 5, 1], [5, 9, 9, 1, 1], [5, 1, 9, 9, 5]]}]}