{"test": [{"input": [[1, 7, 7, 1, 7], [2, 1, 7, 7, 7], [2, 7, 1, 7, 2]], "output": [[1, 5, 5, 1, 5], [2, 1, 5, 5, 5], [2, 5, 1, 5, 2]]}], "train": [{"input": [[1, 2, 2, 7, 7, 2], [1, 1, 7, 7, 1, 2], [7, 1, 1, 7, 7, 2]], "output": [[1, 2, 2, 5, 5, 2], [1, 1, 5, 5, 1, 2], [5, 1, 1, 5, 5, 2]]}, {"input": [[7, 7, 7, 1], [1, 2, 1, 7], [7, 1, 1, 7]], "output": [[5, 5, 5, 1], [1, 2, 1, 5], [5, 1, 1, 5]]}, {"input": [[1, 2, 1, 7, 1], [7, 2, 2, 1, 1], [7, 1, 2, 2, 7]], "output": [[1, 2, 1, 5, 1], [5, 2, 2, 1, 1], [5, 1, 2, 2, 5]]}]}