{"test": [{"input": [[1, 7, 7, 1, 7], [8, 1, 7, 7, 7], [8, 7, 1, 7, 8]], "output": [[1, 9, 9, 1, 9], [8, 1, 9, 9, 9], [8, 9, 1, 9, 8]]}], "train": [{"input": [[1, 8, 8, 7, 7, 8], [1, 1, 7, 7, 1, 8], [7, 1, 1, 7, 7, 8]], "output": [[1, 8, 8, 9, 9, 8], [1, 1, 9, 9, 1, 8], [9, 1, 1, 9, 9, 8]]}, {"input": [[7, 7, 7, 1], [1, 8, 1, 7], [7, 1, 1, 7]], "output": [[9, 9, 9, 1], [1, 8, 1, 9], [9, 1, 1, 9]]}, {"input": [[1, 8, 1, 7, 1], [7, 8, 8, 1, 1], [7, 1, 8, 8, 7]], "output": [[1, 8, 1, 9, 1], [9, 8, 8, 1, 1], [9, 1, 8, 8, 9]]}]}