{"test": [{"input": [[1, 9, 9, 1, 9], [8, 1, 9, 9, 9], [8, 9, 1, 9, 8]], "output": [[1, 5, 5, 1, 5], [8, 1, 5, 5, 5], [8, 5, 1, 5, 8]]}], "train": [{"input": [[1, 8, 8, 9, 9, 8], [1, 1, 9, 9, 1, 8], [9, 1, 1, 9, 9, 8]], "output": [[1, 8, 8, 5, 5, 8], [1, 1, 5, 5, 1, 8], [5, 1, 1, 5, 5, 8]]}, {"input": [[9, 9, 9, 1], [1, 8, 1, 9], [9, 1, 1, 9]], "output": [[5, 5, 5, 1], [1, 8, 1, 5], [5, 1, 1, 5]]}, {"input": [[1, 8, 1, 9, 1], [9, 8, 8, 1, 1], [9, 1, 8, 8, 9]], "output": [[1, 8, 1, 5, 1], [5, 8, 8, 1, 1], [5, 1, 8, 8, 5]]}]}