{"test": [{"input": [[4, 7, 7, 4, 7], [8, 4, 7, 7, 7], [8, 7, 4, 7, 8]], "output": [[4, 5, 5, 4, 5], [8, 4, 5, 5, 5], [8, 5, 4, 5, 8]]}], "train": [{"input": [[4, 8, 8, 7, 7, 8], [4, 4, 7, 7, 4, 8], [7, 4, 4, 7, 7, 8]], "output": [[4, 8, 8, 5, 5, 8], [4, 4, 5, 5, 4, 8], [5, 4, 4, 5, 5, 8]]}, {"input": [[7, 7, 7, 4], [4, 8, 4, 7], [7, 4, 4, 7]], "output": [[5, 5, 5, 4], [4, 8, 4, 5], [5, 4, 4, 5]]}, {"input": [[4, 8, 4, 7, 4], [7, 8, 8, 4, 4], [7, 4, 8, 8, 7]], "output": [[4, 8, 4, 5, 4], [5, 8, 8, 4, 4], [5, 4, 8, 8, 5]]}]}