{"test": [{"input": [[1, 7, 7, 1, 7], [8, 1, 7, 7, 7], [8, 7, 1, 7, 8]], "output": [[1, 6, 6, 1, 6], [8, 1, 6, 6, 6], [8, 6, 1, 6, 8]]}], "train": [{"input": [[1, 8, 8, 7, 7, 8], [1, 1, 7, 7, 1, 8], [7, 1, 1, 7, 7, 8]], "output": [[1, 8, 8, 6, 6, 8], [1, 1, 6, 6, 1, 8], [6, 1, 1, 6, 6, 8]]}, {"input": [[7, 7, 7, 1], [1, 8, 1, 7], [7, 1, 1, 7]], "output": [[6, 6, 6, 1], [1, 8, 1, 6], [6, 1, 1, 6]]}, {"input": [[1, 8, 1, 7, 1], [7, 8, 8, 1, 1], [7, 1, 8, 8, 7]], "output": [[1, 8, 1, 6, 1], [6, 8, 8, 1, 1], [6, 1, 8, 8, 6]]}]}