{"test": [{"input": [[1, 5, 5, 1, 5], [8, 1, 5, 5, 5], [8, 5, 1, 5, 8]], "output": [[1, 5, 5, 1, 5], [8, 1, 5, 5, 5], [8, 5, 1, 5, 8]]}], "train": [{"input": [[1, 8, 8, 5, 5, 8], [1, 1, 5, 5, 1, 8], [5, 1, 1, 5, 5, 8]], "output": [[1, 8, 8, 5, 5, 8], [1, 1, 5, 5, 1, 8], [5, 1, 1, 5, 5, 8]]}, {"input": [[5, 5, 5, 1], [1, 8, 1, 5], [5, 1, 1, 5]], "output": [[5, 5, 5, 1], [1, 8, 1, 5], [5, 1, 1, 5]]}, {"input": [[1, 8, 1, 5, 1], [5, 8, 8, 1, 1], [5, 1, 8, 8, 5]], "output": [[1, 8, 1, 5, 1], [5, 8, 8, 1, 1], [5, 1, 8, 8, 5]]}]}