{"test": [{"input": [[9, 7, 7, 9, 7], [8, 9, 7, 7, 7], [8, 7, 9, 7, 8]], "output": [[9, 5, 5, 9, 5], [8, 9, 5, 5, 5], [8, 5, 9, 5, 8]]}], "train": [{"input": [[9, 8, 8, 7, 7, 8], [9, 9, 7, 7, 9, 8], [7, 9, 9, 7, 7, 8]], "output": [[9, 8, 8, 5, 5, 8], [9, 9, 5, 5, 9, 8], [5, 9, 9, 5, 5, 8]]}, {"input": [[7, 7, 7, 9], [9, 8, 9, 7], [7, 9, 9, 7]], "output": [[5, 5, 5, 9], [9, 8, 9, 5], [5, 9, 9, 5]]}, {"input": [[9, 8, 9, 7, 9], [7, 8, 8, 9, 9], [7, 9, 8, 8, 7]], "output": [[9, 8, 9, 5, 9], [5, 8, 8, 9, 9], [5, 9, 8, 8, 5]]}]}