{"test": [{"input": [[2, 7, 7, 2, 7], [8, 2, 7, 7, 7], [8, 7, 2, 7, 8]], "output": [[2, 5, 5, 2, 5], [8, 2, 5, 5, 5], [8, 5, 2, 5, 8]]}], "train": [{"input": [[2, 8, 8, 7, 7, 8], [2, 2, 7, 7, 2, 8], [7, 2, 2, 7, 7, 8]], "output": [[2, 8, 8, 5, 5, 8], [2, 2, 5, 5, 2, 8], [5, 2, 2, 5, 5, 8]]}, {"input": [[7, 7, 7, 2], [2, 8, 2, 7], [7, 2, 2, 7]], "output": [[5, 5, 5, 2], [2, 8, 2, 5], [5, 2, 2, 5]]}, {"input": [[2, 8, 2, 7, 2], [7, 8, 8, 2, 2], [7, 2, 8, 8, 7]], "output": [[2, 8, 2, 5, 2], [5, 8, 8, 2, 2], [5, 2, 8, 8, 5]]}]}