{"test": [{"input": [[3, 7, 7, 3, 7], [8, 3, 7, 7, 7], [8, 7, 3, 7, 8]], "output": [[3, 5, 5, 3, 5], [8, 3, 5, 5, 5], [8, 5, 3, 5, 8]]}], "train": [{"input": [[3, 8, 8, 7, 7, 8], [3, 3, 7, 7, 3, 8], [7, 3, 3, 7, 7, 8]], "output": [[3, 8, 8, 5, 5, 8], [3, 3, 5, 5, 3, 8], [5, 3, 3, 5, 5, 8]]}, {"input": [[7, 7, 7, 3], [3, 8, 3, 7], [7, 3, 3, 7]], "output": [[5, 5, 5, 3], [3, 8, 3, 5], [5, 3, 3, 5]]}, {"input": [[3, 8, 3, 7, 3], [7, 8, 8, 3, 3], [7, 3, 8, 8, 7]], "output": [[3, 8, 3, 5, 3], [5, 8, 8, 3, 3], [5, 3, 8, 8, 5]]}]}