{"test": [{"input": [[1, 7, 7, 1, 7], [6, 1, 7, 7, 7], [6, 7, 1, 7, 6]], "output": [[1, 5, 5, 1, 5], [6, 1, 5, 5, 5], [6, 5, 1, 5, 6]]}], "train": [{"input": [[1, 6, 6, 7, 7, 6], [1, 1, 7, 7, 1, 6], [7, 1, 1, 7, 7, 6]], "output": [[1, 6, 6, 5, 5, 6], [1, 1, 5, 5, 1, 6], [5, 1, 1, 5, 5, 6]]}, {"input": [[7, 7, 7, 1], [1, 6, 1, 7], [7, 1, 1, 7]], "output": [[5, 5, 5, 1], [1, 6, 1, 5], [5, 1, 1, 5]]}, {"input": [[1, 6, 1, 7, 1], [7, 6, 6, 1, 1], [7, 1, 6, 6, 7]], "output": [[1, 6, 1, 5, 1], [5, 6, 6, 1, 1], [5, 1, 6, 6, 5]]}]}