{"test": [{"input": [[1, 1, 1, 1, 1, 1, 0, 1, 1, 1, 1, 1, 1], [1, 1, 1, 1, 1, 1, 0, 1, 1, 1, 1, 1, 1], [1, 1, 1, 1, 1, 1, 0, 1, 1, 1, 1, 1, 1], [1, 1, 1, 1, 1, 1, 0, 1, 2, 1, 1, 1, 1], [1, 1, 1, 1, 1, 1, 0, 1, 1, 1, 1, 1, 1], [1, 1, 1, 1, 1, 1, 0, 1, 1, 1, 1, 1, 1], [0, 0, 0, 0, 0, 0, 0, 0, 0, 0, 0, 0, 0], [1, 1, 1, 1, 1, 1, 0, 1, 1, 1, 1, 1, 1], [1, 1, 1, 1, 1, 1, 0, 1, 1, 1, 1, 1, 1], [1, 1, 1, 1, 1, 1, 0, 1, 1, 1, 1, 1, 1], [1, 1, 1, 1, 1, 1, 0, 1, 1, 1, 1, 1, 1], [1, 1, 1, 1, 1, 1, 0, 1, 1, 1, 1, 1, 1], [1, 1, 1, 1, 1, 1, 0, 1, 1, 1, 1, 1, 1]], "output": [[1, 1, 1, 1, 1, 1], [1, 1, 1, 1, 1, 1], [1, 1, 1, 1, 1, 1], [1, 2, 1, 1, 1, 1], [1, 1, 1, 1, 1, 1], [1, 1, 1, 1, 1, 1]]}], "train": [{"input": [[8, 8, 9, 8, 8], [8, 8, 9, 8, 8], [9, 9, 9, 9, 9], [8, 8, 9, 8, 8], [4, 8, 9, 8, 8]], "output": [[8, 8], [4, 8]]}, {"input": [[4, 4, 4, 2, 4, 4, 4], [4, 4, 4, 2, 4, 1, 4], [4, 4, 4, 2, 4, 4, 4], [2, 2, 2, 2, 2, 2, 2], [4, 4, 4, 2, 4, 4, 4], [4, 4, 4, 2, 4, 4, 4], [4, 4, 4, 2, 4, 4, 4]], "output": [[4, 4, 4], [4, 1, 4], [4, 4, 4]]}, {"input": [[9, 9, 9, 9, 9, 1, 9, 9, 9, 9, 9], [9, 9, 9, 9, 9, 1, 9, 9, 9, 9, 9], [9, 8, 9, 9, 9, 1, 9, 9, 9, 9, 9], [9, 9, 9, 9, 9, 1, 9, 9, 9, 9, 9], [9, 9, 9, 9, 9, 1, 9, 9, 9, 9, 9], [1, 1, 1, 1, 1, 1, 1, 1, 1, 1, 1], [9, 9, 9, 9, 9, 1, 9, 9, 9, 9, 9], [9, 9, 9, 9, 9, 1, 9, 9, 9, 9, 9], [9, 9, 9, 9, 9, 1, 9, 9, 9, 9, 9], [9, 9, 9, 9, 9, 1, 9, 9, 9, 9, 9], [9, 9, 9, 9, 9, 1, 9, 9, 9, 9, 9]], "output": [[9, 9, 9, 9, 9], [9, 9, 9, 9, 9], [9, 8, 9, 9, 9], [9, 9, 9, 9, 9], [9, 9, 9, 9, 9]]}]}