{"test": [{"input": [[1, 1, 1, 1, 1, 1, 0, 1, 1, 1, 1, 1, 1], [1, 1, 1, 1, 1, 1, 0, 1, 1, 1, 1, 1, 1], [1, 1, 1, 1, 1, 1, 0, 1, 1, 1, 1, 1, 1], [1, 1, 1, 1, 1, 1, 0, 1, 5, 1, 1, 1, 1], [1, 1, 1, 1, 1, 1, 0, 1, 1, 1, 1, 1, 1], [1, 1, 1, 1, 1, 1, 0, 1, 1, 1, 1, 1, 1], [0, 0, 0, 0, 0, 0, 0, 0, 0, 0, 0, 0, 0], [1, 1, 1, 1, 1, 1, 0, 1, 1, 1, 1, 1, 1], [1, 1, 1, 1, 1, 1, 0, 1, 1, 1, 1, 1, 1], [1, 1, 1, 1, 1, 1, 0, 1, 1, 1, 1, 1, 1], [1, 1, 1, 1, 1, 1, 0, 1, 1, 1, 1, 1, 1], [1, 1, 1, 1, 1, 1, 0, 1, 1, 1, 1, 1, 1], [1, 1, 1, 1, 1, 1, 0, 1, 1, 1, 1, 1, 1]], "output": [[1, 1, 1, 1, 1, 1], [1, 1, 1, 1, 1, 1], [1, 1, 1, 1, 1, 1], [1, 5, 1, 1, 1, 1], [1, 1, 1, 1, 1, 1], [1, 1, 1, 1, 1, 1]]}], "train": [{"input": [[8, 8, 3, 8, 8], [8, 8, 3, 8, 8], [3, 3, 3, 3, 3], [8, 8, 3, 8, 8], [4, 8, 3, 8, 8]], "output": [[8, 8], [4, 8]]}, {"input": [[4, 4, 4, 5, 4, 4, 4], [4, 4, 4, 5, 4, 1, 4], [4, 4, 4, 5, 4, 4, 4], [5, 5, 5, 5, 5, 5, 5], [4, 4, 4, 5, 4, 4, 4], [4, 4, 4, 5, 4, 4, 4], [4, 4, 4, 5, 4, 4, 4]], "output": [[4, 4, 4], [4, 1, 4], [4, 4, 4]]}, {"input": [[3, 3, 3, 3, 3, 1, 3, 3, 3, 3, 3], [3, 3, 3, 3, 3, 1, 3, 3, 3, 3, 3], [3, 8, 3, 3, 3, 1, 3, 3, 3, 3, 3], [3, 3, 3, 3, 3, 1, 3, 3, 3, 3, 3], [3, 3, 3, 3, 3, 1, 3, 3, 3, 3, 3], [1, 1, 1, 1, 1, 1, 1, 1, 1, 1, 1], [3, 3, 3, 3, 3, 1, 3, 3, 3, 3, 3], [3, 3, 3, 3, 3, 1, 3, 3, 3, 3, 3], [3, 3, 3, 3, 3, 1, 3, 3, 3, 3, 3], [3, 3, 3, 3, 3, 1, 3, 3, 3, 3, 3], [3, 3, 3, 3, 3, 1, 3, 3, 3, 3, 3]], "output": [[3, 3, 3, 3, 3], [3, 3, 3, 3, 3], [3, 8, 3, 3, 3], [3, 3, 3, 3, 3], [3, 3, 3, 3, 3]]}]}