{"test": [{"input": [[1, 1, 1, 1, 1, 1, 0, 1, 1, 1, 1, 1, 1], [1, 1, 1, 1, 1, 1, 0, 1, 1, 1, 1, 1, 1], [1, 1, 1, 1, 1, 1, 0, 1, 1, 1, 1, 1, 1], [1, 1, 1, 1, 1, 1, 0, 1, 2, 1, 1, 1, 1], [1, 1, 1, 1, 1, 1, 0, 1, 1, 1, 1, 1, 1], [1, 1, 1, 1, 1, 1, 0, 1, 1, 1, 1, 1, 1], [0, 0, 0, 0, 0, 0, 0, 0, 0, 0, 0, 0, 0], [1, 1, 1, 1, 1, 1, 0, 1, 1, 1, 1, 1, 1], [1, 1, 1, 1, 1, 1, 0, 1, 1, 1, 1, 1, 1], [1, 1, 1, 1, 1, 1, 0, 1, 1, 1, 1, 1, 1], [1, 1, 1, 1, 1, 1, 0, 1, 1, 1, 1, 1, 1], [1, 1, 1, 1, 1, 1, 0, 1, 1, 1, 1, 1, 1], [1, 1, 1, 1, 1, 1, 0, 1, 1, 1, 1, 1, 1]], "output": [[1, 1, 1, 1, 1, 1], [1, 1, 1, 1, 1, 1], [1, 1, 1, 1, 1, 1], [1, 2, 1, 1, 1, 1], [1, 1, 1, 1, 1, 1], [1, 1, 1, 1, 1, 1]]}], "train": [{"input": [[8, 8, 2, 8, 8], [8, 8, 2, 8, 8], [2, 2, 2, 2, 2], [8, 8, 2, 8, 8], [4, 8, 2, 8, 8]], "output": [[8, 8], [4, 8]]}, {"input": [[4, 4, 4, 2, 4, 4, 4], [4, 4, 4, 2, 4, 1, 4], [4, 4, 4, 2, 4, 4, 4], [2, 2, 2, 2, 2, 2, 2], [4, 4, 4, 2, 4, 4, 4], [4, 4, 4, 2, 4, 4, 4], [4, 4, 4, 2, 4, 4, 4]], "output": [[4, 4, 4], [4, 1, 4], [4, 4, 4]]}, {"input": [[2, 2, 2, 2, 2, 1, 2, 2, 2, 2, 2], [2, 2, 2, 2, 2, 1, 2, 2, 2, 2, 2], [2, 8, 2, 2, 2, 1, 2, 2, 2, 2, 2], [2, 2, 2, 2, 2, 1, 2, 2, 2, 2, 2], [2, 2, 2, 2, 2, 1, 2, 2, 2, 2, 2], [1, 1, 1, 1, 1, 1, 1, 1, 1, 1, 1], [2, 2, 2, 2, 2, 1, 2, 2, 2, 2, 2], [2, 2, 2, 2, 2, 1, 2, 2, 2, 2, 2], [2, 2, 2, 2, 2, 1, 2, 2, 2, 2, 2], [2, 2, 2, 2, 2, 1, 2, 2, 2, 2, 2], [2, 2, 2, 2, 2, 1, 2, 2, 2, 2, 2]], "output": [[2, 2, 2, 2, 2], [2, 2, 2, 2, 2], [2, 8, 2, 2, 2], [2, 2, 2, 2, 2], [2, 2, 2, 2, 2]]}]}