{"test": [{"input": [[1, 1, 1, 1, 1, 1, 0, 1, 1, 1, 1, 1, 1], [1, 1, 1, 1, 1, 1, 0, 1, 1, 1, 1, 1, 1], [1, 1, 1, 1, 1, 1, 0, 1, 1, 1, 1, 1, 1], [1, 1, 1, 1, 1, 1, 0, 1, 2, 1, 1, 1, 1], [1, 1, 1, 1, 1, 1, 0, 1, 1, 1, 1, 1, 1], [1, 1, 1, 1, 1, 1, 0, 1, 1, 1, 1, 1, 1], [0, 0, 0, 0, 0, 0, 0, 0, 0, 0, 0, 0, 0], [1, 1, 1, 1, 1, 1, 0, 1, 1, 1, 1, 1, 1], [1, 1, 1, 1, 1, 1, 0, 1, 1, 1, 1, 1, 1], [1, 1, 1, 1, 1, 1, 0, 1, 1, 1, 1, 1, 1], [1, 1, 1, 1, 1, 1, 0, 1, 1, 1, 1, 1, 1], [1, 1, 1, 1, 1, 1, 0, 1, 1, 1, 1, 1, 1], [1, 1, 1, 1, 1, 1, 0, 1, 1, 1, 1, 1, 1]], "output": [[1, 1, 1, 1, 1, 1], [1, 1, 1, 1, 1, 1], [1, 1, 1, 1, 1, 1], [1, 2, 1, 1, 1, 1], [1, 1, 1, 1, 1, 1], [1, 1, 1, 1, 1, 1]]}], "train": [{"input": [[5, 5, 3, 5, 5], [5, 5, 3, 5, 5], [3, 3, 3, 3, 3], [5, 5, 3, 5, 5], [4, 5, 3, 5, 5]], "output": [[5, 5], [4, 5]]}, {"input": [[4, 4, 4, 2, 4, 4, 4], [4, 4, 4, 2, 4, 1, 4], [4, 4, 4, 2, 4, 4, 4], [2, 2, 2, 2, 2, 2, 2], [4, 4, 4, 2, 4, 4, 4], [4, 4, 4, 2, 4, 4, 4], [4, 4, 4, 2, 4, 4, 4]], "output": [[4, 4, 4], [4, 1, 4], [4, 4, 4]]}, {"input": [[3, 3, 3, 3, 3, 1, 3, 3, 3, 3, 3], [3, 3, 3, 3, 3, 1, 3, 3, 3, 3, 3], [3, 5, 3, 3, 3, 1, 3, 3, 3, 3, 3], [3, 3, 3, 3, 3, 1, 3, 3, 3, 3, 3], [3, 3, 3, 3, 3, 1, 3, 3, 3, 3, 3], [1, 1, 1, 1, 1, 1, 1, 1, 1, 1, 1], [3, 3, 3, 3, 3, 1, 3, 3, 3, 3, 3], [3, 3, 3, 3, 3, 1, 3, 3, 3, 3, 3], [3, 3, 3, 3, 3, 1, 3, 3, 3, 3, 3], [3, 3, 3, 3, 3, 1, 3, 3, 3, 3, 3], [3, 3, 3, 3, 3, 1, 3, 3, 3, 3, 3]], "output": [[3, 3, 3, 3, 3], [3, 3, 3, 3, 3], [3, 5, 3, 3, 3], [3, 3, 3, 3, 3], [3, 3, 3, 3, 3]]}]}