{"test": [{"input": [[1, 1, 1, 1, 1, 1, 0, 1, 1, 1, 1, 1, 1], [1, 1, 1, 1, 1, 1, 0, 1, 1, 1, 1, 1, 1], [1, 1, 1, 1, 1, 1, 0, 1, 1, 1, 1, 1, 1], [1, 1, 1, 1, 1, 1, 0, 1, 2, 1, 1, 1, 1], [1, 1, 1, 1, 1, 1, 0, 1, 1, 1, 1, 1, 1], [1, 1, 1, 1, 1, 1, 0, 1, 1, 1, 1, 1, 1], [0, 0, 0, 0, 0, 0, 0, 0, 0, 0, 0, 0, 0], [1, 1, 1, 1, 1, 1, 0, 1, 1, 1, 1, 1, 1], [1, 1, 1, 1, 1, 1, 0, 1, 1, 1, 1, 1, 1], [1, 1, 1, 1, 1, 1, 0, 1, 1, 1, 1, 1, 1], [1, 1, 1, 1, 1, 1, 0, 1, 1, 1, 1, 1, 1], [1, 1, 1, 1, 1, 1, 0, 1, 1, 1, 1, 1, 1], [1, 1, 1, 1, 1, 1, 0, 1, 1, 1, 1, 1, 1]], "output": [[1, 1, 1, 1, 1, 1], [1, 1, 1, 1, 1, 1], [1, 1, 1, 1, 1, 1], [1, 2, 1, 1, 1, 1], [1, 1, 1, 1, 1, 1], [1, 1, 1, 1, 1, 1]]}], "train": [{"input": [[8, 8, 3, 8, 8], [8, 8, 3, 8, 8], [3, 3, 3, 3, 3], [8, 8, 3, 8, 8], [6, 8, 3, 8, 8]], "output": [[8, 8], [6, 8]]}, {"input": [[6, 6, 6, 2, 6, 6, 6], [6, 6, 6, 2, 6, 1, 6], [6, 6, 6, 2, 6, 6, 6], [2, 2, 2, 2, 2, 2, 2], [6, 6, 6, 2, 6, 6, 6], [6, 6, 6, 2, 6, 6, 6], [6, 6, 6, 2, 6, 6, 6]], "output": [[6, 6, 6], [6, 1, 6], [6, 6, 6]]}, {"input": [[3, 3, 3, 3, 3, 1, 3, 3, 3, 3, 3], [3, 3, 3, 3, 3, 1, 3, 3, 3, 3, 3], [3, 8, 3, 3, 3, 1, 3, 3, 3, 3, 3], [3, 3, 3, 3, 3, 1, 3, 3, 3, 3, 3], [3, 3, 3, 3, 3, 1, 3, 3, 3, 3, 3], [1, 1, 1, 1, 1, 1, 1, 1, 1, 1, 1], [3, 3, 3, 3, 3, 1, 3, 3, 3, 3, 3], [3, 3, 3, 3, 3, 1, 3, 3, 3, 3, 3], [3, 3, 3, 3, 3, 1, 3, 3, 3, 3, 3], [3, 3, 3, 3, 3, 1, 3, 3, 3, 3, 3], [3, 3, 3, 3, 3, 1, 3, 3, 3, 3, 3]], "output": [[3, 3, 3, 3, 3], [3, 3, 3, 3, 3], [3, 8, 3, 3, 3], [3, 3, 3, 3, 3], [3, 3, 3, 3, 3]]}]}