{"test": [{"input": [[1, 1, 1, 1, 1, 1, 0, 1, 1, 1, 1, 1, 1], [1, 1, 1, 1, 1, 1, 0, 1, 1, 1, 1, 1, 1], [1, 1, 1, 1, 1, 1, 0, 1, 1, 1, 1, 1, 1], [1, 1, 1, 1, 1, 1, 0, 1, 2, 1, 1, 1, 1], [1, 1, 1, 1, 1, 1, 0, 1, 1, 1, 1, 1, 1], [1, 1, 1, 1, 1, 1, 0, 1, 1, 1, 1, 1, 1], [0, 0, 0, 0, 0, 0, 0, 0, 0, 0, 0, 0, 0], [1, 1, 1, 1, 1, 1, 0, 1, 1, 1, 1, 1, 1], [1, 1, 1, 1, 1, 1, 0, 1, 1, 1, 1, 1, 1], [1, 1, 1, 1, 1, 1, 0, 1, 1, 1, 1, 1, 1], [1, 1, 1, 1, 1, 1, 0, 1, 1, 1, 1, 1, 1], [1, 1, 1, 1, 1, 1, 0, 1, 1, 1, 1, 1, 1], [1, 1, 1, 1, 1, 1, 0, 1, 1, 1, 1, 1, 1]], "output": [[1, 1, 1, 1, 1, 1], [1, 1, 1, 1, 1, 1], [1, 1, 1, 1, 1, 1], [1, 2, 1, 1, 1, 1], [1, 1, 1, 1, 1, 1], [1, 1, 1, 1, 1, 1]]}], "train": [{"input": [[2, 2, 3, 2, 2], [2, 2, 3, 2, 2], [3, 3, 3, 3, 3], [2, 2, 3, 2, 2], [4, 2, 3, 2, 2]], "output": [[2, 2], [4, 2]]}, {"input": [[4, 4, 4, 2, 4, 4, 4], [4, 4, 4, 2, 4, 1, 4], [4, 4, 4, 2, 4, 4, 4], [2, 2, 2, 2, 2, 2, 2], [4, 4, 4, 2, 4, 4, 4], [4, 4, 4, 2, 4, 4, 4], [4, 4, 4, 2, 4, 4, 4]], "output": [[4, 4, 4], [4, 1, 4], [4, 4, 4]]}, {"input": [[3, 3, 3, 3, 3, 1, 3, 3, 3, 3, 3], [3, 3, 3, 3, 3, 1, 3, 3, 3, 3, 3], [3, 2, 3, 3, 3, 1, 3, 3, 3, 3, 3], [3, 3, 3, 3, 3, 1, 3, 3, 3, 3, 3], [3, 3, 3, 3, 3, 1, 3, 3, 3, 3, 3], [1, 1, 1, 1, 1, 1, 1, 1, 1, 1, 1], [3, 3, 3, 3, 3, 1, 3, 3, 3, 3, 3], [3, 3, 3, 3, 3, 1, 3, 3, 3, 3, 3], [3, 3, 3, 3, 3, 1, 3, 3, 3, 3, 3], [3, 3, 3, 3, 3, 1, 3, 3, 3, 3, 3], [3, 3, 3, 3, 3, 1, 3, 3, 3, 3, 3]], "output": [[3, 3, 3, 3, 3], [3, 3, 3, 3, 3], [3, 2, 3, 3, 3], [3, 3, 3, 3, 3], [3, 3, 3, 3, 3]]}]}