{"test": [{"input": [[6, 6, 6, 6, 6, 6, 0, 6, 6, 6, 6, 6, 6], [6, 6, 6, 6, 6, 6, 0, 6, 6, 6, 6, 6, 6], [6, 6, 6, 6, 6, 6, 0, 6, 6, 6, 6, 6, 6], [6, 6, 6, 6, 6, 6, 0, 6, 2, 6, 6, 6, 6], [6, 6, 6, 6, 6, 6, 0, 6, 6, 6, 6, 6, 6], [6, 6, 6, 6, 6, 6, 0, 6, 6, 6, 6, 6, 6], [0, 0, 0, 0, 0, 0, 0, 0, 0, 0, 0, 0, 0], [6, 6, 6, 6, 6, 6, 0, 6, 6, 6, 6, 6, 6], [6, 6, 6, 6, 6, 6, 0, 6, 6, 6, 6, 6, 6], [6, 6, 6, 6, 6, 6, 0, 6, 6, 6, 6, 6, 6], [6, 6, 6, 6, 6, 6, 0, 6, 6, 6, 6, 6, 6], [6, 6, 6, 6, 6, 6, 0, 6, 6, 6, 6, 6, 6], [6, 6, 6, 6, 6, 6, 0, 6, 6, 6, 6, 6, 6]], "output": [[6, 6, 6, 6, 6, 6], [6, 6, 6, 6, 6, 6], [6, 6, 6, 6, 6, 6], [6, 2, 6, 6, 6, 6], [6, 6, 6, 6, 6, 6], [6, 6, 6, 6, 6, 6]]}], "train": [{"input": [[8, 8, 3, 8, 8], [8, 8, 3, 8, 8], [3, 3, 3, 3, 3], [8, 8, 3, 8, 8], [4, 8, 3, 8, 8]], "output": [[8, 8], [4, 8]]}, {"input": [[4, 4, 4, 2, 4, 4, 4], [4, 4, 4, 2, 4, 6, 4], [4, 4, 4, 2, 4, 4, 4], [2, 2, 2, 2, 2, 2, 2], [4, 4, 4, 2, 4, 4, 4], [4, 4, 4, 2, 4, 4, 4], [4, 4, 4, 2, 4, 4, 4]], "output": [[4, 4, 4], [4, 6, 4], [4, 4, 4]]}, {"input": [[3, 3, 3, 3, 3, 6, 3, 3, 3, 3, 3], [3, 3, 3, 3, 3, 6, 3, 3, 3, 3, 3], [3, 8, 3, 3, 3, 6, 3, 3, 3, 3, 3], [3, 3, 3, 3, 3, 6, 3, 3, 3, 3, 3], [3, 3, 3, 3, 3, 6, 3, 3, 3, 3, 3], [6, 6, 6, 6, 6, 6, 6, 6, 6, 6, 6], [3, 3, 3, 3, 3, 6, 3, 3, 3, 3, 3], [3, 3, 3, 3, 3, 6, 3, 3, 3, 3, 3], [3, 3, 3, 3, 3, 6, 3, 3, 3, 3, 3], [3, 3, 3, 3, 3, 6, 3, 3, 3, 3, 3], [3, 3, 3, 3, 3, 6, 3, 3, 3, 3, 3]], "output": [[3, 3, 3, 3, 3], [3, 3, 3, 3, 3], [3, 8, 3, 3, 3], [3, 3, 3, 3, 3], [3, 3, 3, 3, 3]]}]}