{"test": [{"input": [[8, 8, 8, 8, 8, 8, 0, 8, 8, 8, 8, 8, 8], [8, 8, 8, 8, 8, 8, 0, 8, 8, 8, 8, 8, 8], [8, 8, 8, 8, 8, 8, 0, 8, 8, 8, 8, 8, 8], [8, 8, 8, 8, 8, 8, 0, 8, 2, 8, 8, 8, 8], [8, 8, 8, 8, 8, 8, 0, 8, 8, 8, 8, 8, 8], [8, 8, 8, 8, 8, 8, 0, 8, 8, 8, 8, 8, 8], [0, 0, 0, 0, 0, 0, 0, 0, 0, 0, 0, 0, 0], [8, 8, 8, 8, 8, 8, 0, 8, 8, 8, 8, 8, 8], [8, 8, 8, 8, 8, 8, 0, 8, 8, 8, 8, 8, 8], [8, 8, 8, 8, 8, 8, 0, 8, 8, 8, 8, 8, 8], [8, 8, 8, 8, 8, 8, 0, 8, 8, 8, 8, 8, 8], [8, 8, 8, 8, 8, 8, 0, 8, 8, 8, 8, 8, 8], [8, 8, 8, 8, 8, 8, 0, 8, 8, 8, 8, 8, 8]], "output": [[8, 8, 8, 8, 8, 8], [8, 8, 8, 8, 8, 8], [8, 8, 8, 8, 8, 8], [8, 2, 8, 8, 8, 8], [8, 8, 8, 8, 8, 8], [8, 8, 8, 8, 8, 8]]}], "train": [{"input": [[8, 8, 3, 8, 8], [8, 8, 3, 8, 8], [3, 3, 3, 3, 3], [8, 8, 3, 8, 8], [4, 8, 3, 8, 8]], "output": [[8, 8], [4, 8]]}, {"input": [[4, 4, 4, 2, 4, 4, 4], [4, 4, 4, 2, 4, 8, 4], [4, 4, 4, 2, 4, 4, 4], [2, 2, 2, 2, 2, 2, 2], [4, 4, 4, 2, 4, 4, 4], [4, 4, 4, 2, 4, 4, 4], [4, 4, 4, 2, 4, 4, 4]], "output": [[4, 4, 4], [4, 8, 4], [4, 4, 4]]}, {"input": [[3, 3, 3, 3, 3, 8, 3, 3, 3, 3, 3], [3, 3, 3, 3, 3, 8, 3, 3, 3, 3, 3], [3, 8, 3, 3, 3, 8, 3, 3, 3, 3, 3], [3, 3, 3, 3, 3, 8, 3, 3, 3, 3, 3], [3, 3, 3, 3, 3, 8, 3, 3, 3, 3, 3], [8, 8, 8, 8, 8, 8, 8, 8, 8, 8, 8], [3, 3, 3, 3, 3, 8, 3, 3, 3, 3, 3], [3, 3, 3, 3, 3, 8, 3, 3, 3, 3, 3], [3, 3, 3, 3, 3, 8, 3, 3, 3, 3, 3], [3, 3, 3, 3, 3, 8, 3, 3, 3, 3, 3], [3, 3, 3, 3, 3, 8, 3, 3, 3, 3, 3]], "output": [[3, 3, 3, 3, 3], [3, 3, 3, 3, 3], [3, 8, 3, 3, 3], [3, 3, 3, 3, 3], [3, 3, 3, 3, 3]]}]}