{"test": [{"input": [[7, 7, 7, 7, 7, 7, 0, 7, 7, 7, 7, 7, 7], [7, 7, 7, 7, 7, 7, 0, 7, 7, 7, 7, 7, 7], [7, 7, 7, 7, 7, 7, 0, 7, 7, 7, 7, 7, 7], [7, 7, 7, 7, 7, 7, 0, 7, 2, 7, 7, 7, 7], [7, 7, 7, 7, 7, 7, 0, 7, 7, 7, 7, 7, 7], [7, 7, 7, 7, 7, 7, 0, 7, 7, 7, 7, 7, 7], [0, 0, 0, 0, 0, 0, 0, 0, 0, 0, 0, 0, 0], [7, 7, 7, 7, 7, 7, 0, 7, 7, 7, 7, 7, 7], [7, 7, 7, 7, 7, 7, 0, 7, 7, 7, 7, 7, 7], [7, 7, 7, 7, 7, 7, 0, 7, 7, 7, 7, 7, 7], [7, 7, 7, 7, 7, 7, 0, 7, 7, 7, 7, 7, 7], [7, 7, 7, 7, 7, 7, 0, 7, 7, 7, 7, 7, 7], [7, 7, 7, 7, 7, 7, 0, 7, 7, 7, 7, 7, 7]], "output": [[7, 7, 7, 7, 7, 7], [7, 7, 7, 7, 7, 7], [7, 7, 7, 7, 7, 7], [7, 2, 7, 7, 7, 7], [7, 7, 7, 7, 7, 7], [7, 7, 7, 7, 7, 7]]}], "train": [{"input": [[8, 8, 3, 8, 8], [8, 8, 3, 8, 8], [3, 3, 3, 3, 3], [8, 8, 3, 8, 8], [4, 8, 3, 8, 8]], "output": [[8, 8], [4, 8]]}, {"input": [[4, 4, 4, 2, 4, 4, 4], [4, 4, 4, 2, 4, 7, 4], [4, 4, 4, 2, 4, 4, 4], [2, 2, 2, 2, 2, 2, 2], [4, 4, 4, 2, 4, 4, 4], [4, 4, 4, 2, 4, 4, 4], [4, 4, 4, 2, 4, 4, 4]], "output": [[4, 4, 4], [4, 7, 4], [4, 4, 4]]}, {"input": [[3, 3, 3, 3, 3, 7, 3, 3, 3, 3, 3], [3, 3, 3, 3, 3, 7, 3, 3, 3, 3, 3], [3, 8, 3, 3, 3, 7, 3, 3, 3, 3, 3], [3, 3, 3, 3, 3, 7, 3, 3, 3, 3, 3], [3, 3, 3, 3, 3, 7, 3, 3, 3, 3, 3], [7, 7, 7, 7, 7, 7, 7, 7, 7, 7, 7], [3, 3, 3, 3, 3, 7, 3, 3, 3, 3, 3], [3, 3, 3, 3, 3, 7, 3, 3, 3, 3, 3], [3, 3, 3, 3, 3, 7, 3, 3, 3, 3, 3], [3, 3, 3, 3, 3, 7, 3, 3, 3, 3, 3], [3, 3, 3, 3, 3, 7, 3, 3, 3, 3, 3]], "output": [[3, 3, 3, 3, 3], [3, 3, 3, 3, 3], [3, 8, 3, 3, 3], [3, 3, 3, 3, 3], [3, 3, 3, 3, 3]]}]}