{"test": [{"input": [[0, 2, 0, 3, 3, 0, 2, 0, 3, 3, 0, 2, 0, 3, 3], [2, 2, 0, 3, 3, 2, 2, 0, 3, 3, 2, 2, 0, 3, 3], [0, 2, 2, 2, 0, 0, 2, 2, 2, 0, 0, 2, 2, 2, 0], [1, 1, 0, 2, 2, 1, 1, 0, 2, 2, 1, 1, 0, 2, 2], [1, 1, 0, 2, 0, 1, 1, 0, 2, 0, 1, 1, 0, 2, 0]], "output": [[0, 2, 0, 3, 3], [2, 2, 0, 3, 3], [0, 2, 2, 2, 0], [1, 1, 0, 2, 2], [1, 1, 0, 2, 0]]}], "train": [{"input": [[3, 5, 1, 1, 5, 3, 3, 5, 1], [5, 5, 5, 5, 5, 5, 5, 5, 5], [1, 5, 3, 3, 5, 1, 1, 5, 3]], "output": [[3, 5, 1], [5, 5, 5], [1, 5, 3]]}, {"input": [[2, 0, 0, 1, 2, 0, 0, 1, 2, 0, 0, 1], [3, 2, 1, 3, 3, 2, 1, 3, 3, 2, 1, 3], [3, 1, 2, 3, 3, 1, 2, 3, 3, 1, 2, 3], [1, 0, 0, 2, 1, 0, 0, 2, 1, 0, 0, 2]], "output": [[2, 0, 0, 1], [3, 2, 1, 3], [3, 1, 2, 3], [1, 0, 0, 2]]}, {"input": [[2, 1, 2, 1, 2, 1], [2, 3, 2, 3, 2, 3]], "output": [[2, 1], [2, 3]]}]}