{"test": [{"input": [[0, 2, 0, 7, 7, 0, 2, 0, 7, 7, 0, 2, 0, 7, 7], [2, 2, 0, 7, 7, 2, 2, 0, 7, 7, 2, 2, 0, 7, 7], [0, 2, 2, 2, 0, 0, 2, 2, 2, 0, 0, 2, 2, 2, 0], [1, 1, 0, 2, 2, 1, 1, 0, 2, 2, 1, 1, 0, 2, 2], [1, 1, 0, 2, 0, 1, 1, 0, 2, 0, 1, 1, 0, 2, 0]], "output": [[0, 2, 0, 7, 7], [2, 2, 0, 7, 7], [0, 2, 2, 2, 0], [1, 1, 0, 2, 2], [1, 1, 0, 2, 0]]}], "train": [{"input": [[7, 5, 1, 1, 5, 7, 7, 5, 1], [5, 5, 5, 5, 5, 5, 5, 5, 5], [1, 5, 7, 7, 5, 1, 1, 5, 7]], "output": [[7, 5, 1], [5, 5, 5], [1, 5, 7]]}, {"input": [[2, 0, 0, 1, 2, 0, 0, 1, 2, 0, 0, 1], [7, 2, 1, 7, 7, 2, 1, 7, 7, 2, 1, 7], [7, 1, 2, 7, 7, 1, 2, 7, 7, 1, 2, 7], [1, 0, 0, 2, 1, 0, 0, 2, 1, 0, 0, 2]], "output": [[2, 0, 0, 1], [7, 2, 1, 7], [7, 1, 2, 7], [1, 0, 0, 2]]}, {"input": [[2, 1, 2, 1, 2, 1], [2, 3, 2, 3, 2, 3]], "output": [[2, 1], [2, 3]]}]}