{"test": [{"input": [[0, 9, 0, 4, 4, 0, 9, 0, 4, 4, 0, 9, 0, 4, 4], [9, 9, 0, 4, 4, 9, 9, 0, 4, 4, 9, 9, 0, 4, 4], [0, 9, 9, 9, 0, 0, 9, 9, 9, 0, 0, 9, 9, 9, 0], [1, 1, 0, 9, 9, 1, 1, 0, 9, 9, 1, 1, 0, 9, 9], [1, 1, 0, 9, 0, 1, 1, 0, 9, 0, 1, 1, 0, 9, 0]], "output": [[0, 9, 0, 4, 4], [9, 9, 0, 4, 4], [0, 9, 9, 9, 0], [1, 1, 0, 9, 9], [1, 1, 0, 9, 0]]}], "train": [{"input": [[4, 5, 1, 1, 5, 4, 4, 5, 1], [5, 5, 5, 5, 5, 5, 5, 5, 5], [1, 5, 4, 4, 5, 1, 1, 5, 4]], "output": [[4, 5, 1], [5, 5, 5], [1, 5, 4]]}, {"input": [[9, 0, 0, 1, 9, 0, 0, 1, 9, 0, 0, 1], [4, 9, 1, 4, 4, 9, 1, 4, 4, 9, 1, 4], [4, 1, 9, 4, 4, 1, 9, 4, 4, 1, 9, 4], [1, 0, 0, 9, 1, 0, 0, 9, 1, 0, 0, 9]], "output": [[9, 0, 0, 1], [4, 9, 1, 4], [4, 1, 9, 4], [1, 0, 0, 9]]}, {"input": [[9, 1, 9, 1, 9, 1], [9, 3, 9, 3, 9, 3]], "output": [[9, 1], [9, 3]]}]}