{"test": [{"input": [[0, 6, 0, 4, 4, 0, 6, 0, 4, 4, 0, 6, 0, 4, 4], [6, 6, 0, 4, 4, 6, 6, 0, 4, 4, 6, 6, 0, 4, 4], [0, 6, 6, 6, 0, 0, 6, 6, 6, 0, 0, 6, 6, 6, 0], [1, 1, 0, 6, 6, 1, 1, 0, 6, 6, 1, 1, 0, 6, 6], [1, 1, 0, 6, 0, 1, 1, 0, 6, 0, 1, 1, 0, 6, 0]], "output": [[0, 6, 0, 4, 4], [6, 6, 0, 4, 4], [0, 6, 6, 6, 0], [1, 1, 0, 6, 6], [1, 1, 0, 6, 0]]}], "train": [{"input": [[4, 5, 1, 1, 5, 4, 4, 5, 1], [5, 5, 5, 5, 5, 5, 5, 5, 5], [1, 5, 4, 4, 5, 1, 1, 5, 4]], "output": [[4, 5, 1], [5, 5, 5], [1, 5, 4]]}, {"input": [[6, 0, 0, 1, 6, 0, 0, 1, 6, 0, 0, 1], [4, 6, 1, 4, 4, 6, 1, 4, 4, 6, 1, 4], [4, 1, 6, 4, 4, 1, 6, 4, 4, 1, 6, 4], [1, 0, 0, 6, 1, 0, 0, 6, 1, 0, 0, 6]], "output": [[6, 0, 0, 1], [4, 6, 1, 4], [4, 1, 6, 4], [1, 0, 0, 6]]}, {"input": [[6, 1, 6, 1, 6, 1], [6, 3, 6, 3, 6, 3]], "output": [[6, 1], [6, 3]]}]}