{"test": [{"input": [[0, 8, 0, 4, 4, 0, 8, 0, 4, 4, 0, 8, 0, 4, 4], [8, 8, 0, 4, 4, 8, 8, 0, 4, 4, 8, 8, 0, 4, 4], [0, 8, 8, 8, 0, 0, 8, 8, 8, 0, 0, 8, 8, 8, 0], [1, 1, 0, 8, 8, 1, 1, 0, 8, 8, 1, 1, 0, 8, 8], [1, 1, 0, 8, 0, 1, 1, 0, 8, 0, 1, 1, 0, 8, 0]], "output": [[0, 8, 0, 4, 4], [8, 8, 0, 4, 4], [0, 8, 8, 8, 0], [1, 1, 0, 8, 8], [1, 1, 0, 8, 0]]}], "train": [{"input": [[4, 5, 1, 1, 5, 4, 4, 5, 1], [5, 5, 5, 5, 5, 5, 5, 5, 5], [1, 5, 4, 4, 5, 1, 1, 5, 4]], "output": [[4, 5, 1], [5, 5, 5], [1, 5, 4]]}, {"input": [[8, 0, 0, 1, 8, 0, 0, 1, 8, 0, 0, 1], [4, 8, 1, 4, 4, 8, 1, 4, 4, 8, 1, 4], [4, 1, 8, 4, 4, 1, 8, 4, 4, 1, 8, 4], [1, 0, 0, 8, 1, 0, 0, 8, 1, 0, 0, 8]], "output": [[8, 0, 0, 1], [4, 8, 1, 4], [4, 1, 8, 4], [1, 0, 0, 8]]}, {"input": [[8, 1, 8, 1, 8, 1], [8, 3, 8, 3, 8, 3]], "output": [[8, 1], [8, 3]]}]}