{"test": [{"input": [[0, 2, 0, 4, 4, 0, 2, 0, 4, 4, 0, 2, 0, 4, 4], [2, 2, 0, 4, 4, 2, 2, 0, 4, 4, 2, 2, 0, 4, 4], [0, 2, 2, 2, 0, 0, 2, 2, 2, 0, 0, 2, 2, 2, 0], [7, 7, 0, 2, 2, 7, 7, 0, 2, 2, 7, 7, 0, 2, 2], [7, 7, 0, 2, 0, 7, 7, 0, 2, 0, 7, 7, 0, 2, 0]], "output": [[0, 2, 0, 4, 4], [2, 2, 0, 4, 4], [0, 2, 2, 2, 0], [7, 7, 0, 2, 2], [7, 7, 0, 2, 0]]}], "train": [{"input": [[4, 5, 7, 7, 5, 4, 4, 5, 7], [5, 5, 5, 5, 5, 5, 5, 5, 5], [7, 5, 4, 4, 5, 7, 7, 5, 4]], "output": [[4, 5, 7], [5, 5, 5], [7, 5, 4]]}, {"input": [[2, 0, 0, 7, 2, 0, 0, 7, 2, 0, 0, 7], [4, 2, 7, 4, 4, 2, 7, 4, 4, 2, 7, 4], [4, 7, 2, 4, 4, 7, 2, 4, 4, 7, 2, 4], [7, 0, 0, 2, 7, 0, 0, 2, 7, 0, 0, 2]], "output": [[2, 0, 0, 7], [4, 2, 7, 4], [4, 7, 2, 4], [7, 0, 0, 2]]}, {"input": [[2, 7, 2, 7, 2, 7], [2, 3, 2, 3, 2, 3]], "output": [[2, 7], [2, 3]]}]}