{"test": [{"input": [[0, 2, 0, 4, 4, 0, 2, 0, 4, 4, 0, 2, 0, 4, 4], [2, 2, 0, 4, 4, 2, 2, 0, 4, 4, 2, 2, 0, 4, 4], [0, 2, 2, 2, 0, 0, 2, 2, 2, 0, 0, 2, 2, 2, 0], [9, 9, 0, 2, 2, 9, 9, 0, 2, 2, 9, 9, 0, 2, 2], [9, 9, 0, 2, 0, 9, 9, 0, 2, 0, 9, 9, 0, 2, 0]], "output": [[0, 2, 0, 4, 4], [2, 2, 0, 4, 4], [0, 2, 2, 2, 0], [9, 9, 0, 2, 2], [9, 9, 0, 2, 0]]}], "train": [{"input": [[4, 5, 9, 9, 5, 4, 4, 5, 9], [5, 5, 5, 5, 5, 5, 5, 5, 5], [9, 5, 4, 4, 5, 9, 9, 5, 4]], "output": [[4, 5, 9], [5, 5, 5], [9, 5, 4]]}, {"input": [[2, 0, 0, 9, 2, 0, 0, 9, 2, 0, 0, 9], [4, 2, 9, 4, 4, 2, 9, 4, 4, 2, 9, 4], [4, 9, 2, 4, 4, 9, 2, 4, 4, 9, 2, 4], [9, 0, 0, 2, 9, 0, 0, 2, 9, 0, 0, 2]], "output": [[2, 0, 0, 9], [4, 2, 9, 4], [4, 9, 2, 4], [9, 0, 0, 2]]}, {"input": [[2, 9, 2, 9, 2, 9], [2, 3, 2, 3, 2, 3]], "output": [[2, 9], [2, 3]]}]}