{"test": [{"input": [[0, 2, 0, 4, 4, 0, 2, 0, 4, 4, 0, 2, 0, 4, 4], [2, 2, 0, 4, 4, 2, 2, 0, 4, 4, 2, 2, 0, 4, 4], [0, 2, 2, 2, 0, 0, 2, 2, 2, 0, 0, 2, 2, 2, 0], [1, 1, 0, 2, 2, 1, 1, 0, 2, 2, 1, 1, 0, 2, 2], [1, 1, 0, 2, 0, 1, 1, 0, 2, 0, 1, 1, 0, 2, 0]], "output": [[0, 2, 0, 4, 4], [2, 2, 0, 4, 4], [0, 2, 2, 2, 0], [1, 1, 0, 2, 2], [1, 1, 0, 2, 0]]}], "train": [{"input": [[4, 6, 1, 1, 6, 4, 4, 6, 1], [6, 6, 6, 6, 6, 6, 6, 6, 6], [1, 6, 4, 4, 6, 1, 1, 6, 4]], "output": [[4, 6, 1], [6, 6, 6], [1, 6, 4]]}, {"input": [[2, 0, 0, 1, 2, 0, 0, 1, 2, 0, 0, 1], [4, 2, 1, 4, 4, 2, 1, 4, 4, 2, 1, 4], [4, 1, 2, 4, 4, 1, 2, 4, 4, 1, 2, 4], [1, 0, 0, 2, 1, 0, 0, 2, 1, 0, 0, 2]], "output": [[2, 0, 0, 1], [4, 2, 1, 4], [4, 1, 2, 4], [1, 0, 0, 2]]}, {"input": [[2, 1, 2, 1, 2, 1], [2, 3, 2, 3, 2, 3]], "output": [[2, 1], [2, 3]]}]}