{"test": [{"input": [[0, 2, 0, 6, 6, 0, 2, 0, 6, 6, 0, 2, 0, 6, 6], [2, 2, 0, 6, 6, 2, 2, 0, 6, 6, 2, 2, 0, 6, 6], [0, 2, 2, 2, 0, 0, 2, 2, 2, 0, 0, 2, 2, 2, 0], [1, 1, 0, 2, 2, 1, 1, 0, 2, 2, 1, 1, 0, 2, 2], [1, 1, 0, 2, 0, 1, 1, 0, 2, 0, 1, 1, 0, 2, 0]], "output": [[0, 2, 0, 6, 6], [2, 2, 0, 6, 6], [0, 2, 2, 2, 0], [1, 1, 0, 2, 2], [1, 1, 0, 2, 0]]}], "train": [{"input": [[6, 5, 1, 1, 5, 6, 6, 5, 1], [5, 5, 5, 5, 5, 5, 5, 5, 5], [1, 5, 6, 6, 5, 1, 1, 5, 6]], "output": [[6, 5, 1], [5, 5, 5], [1, 5, 6]]}, {"input": [[2, 0, 0, 1, 2, 0, 0, 1, 2, 0, 0, 1], [6, 2, 1, 6, 6, 2, 1, 6, 6, 2, 1, 6], [6, 1, 2, 6, 6, 1, 2, 6, 6, 1, 2, 6], [1, 0, 0, 2, 1, 0, 0, 2, 1, 0, 0, 2]], "output": [[2, 0, 0, 1], [6, 2, 1, 6], [6, 1, 2, 6], [1, 0, 0, 2]]}, {"input": [[2, 1, 2, 1, 2, 1], [2, 3, 2, 3, 2, 3]], "output": [[2, 1], [2, 3]]}]}