{"test": [{"input": [[0, 5, 0, 4, 4, 0, 5, 0, 4, 4, 0, 5, 0, 4, 4], [5, 5, 0, 4, 4, 5, 5, 0, 4, 4, 5, 5, 0, 4, 4], [0, 5, 5, 5, 0, 0, 5, 5, 5, 0, 0, 5, 5, 5, 0], [1, 1, 0, 5, 5, 1, 1, 0, 5, 5, 1, 1, 0, 5, 5], [1, 1, 0, 5, 0, 1, 1, 0, 5, 0, 1, 1, 0, 5, 0]], "output": [[0, 5, 0, 4, 4], [5, 5, 0, 4, 4], [0, 5, 5, 5, 0], [1, 1, 0, 5, 5], [1, 1, 0, 5, 0]]}], "train": [{"input": [[4, 5, 1, 1, 5, 4, 4, 5, 1], [5, 5, 5, 5, 5, 5, 5, 5, 5], [1, 5, 4, 4, 5, 1, 1, 5, 4]], "output": [[4, 5, 1], [5, 5, 5], [1, 5, 4]]}, {"input": [[5, 0, 0, 1, 5, 0, 0, 1, 5, 0, 0, 1], [4, 5, 1, 4, 4, 5, 1, 4, 4, 5, 1, 4], [4, 1, 5, 4, 4, 1, 5, 4, 4, 1, 5, 4], [1, 0, 0, 5, 1, 0, 0, 5, 1, 0, 0, 5]], "output": [[5, 0, 0, 1], [4, 5, 1, 4], [4, 1, 5, 4], [1, 0, 0, 5]]}, {"input": [[5, 1, 5, 1, 5, 1], [5, 3, 5, 3, 5, 3]], "output": [[5, 1], [5, 3]]}]}