{"test": [{"input": [[0, 0, 0, 0, 0, 0, 0, 0, 0, 0, 0, 0], [0, 2, 2, 2, 0, 0, 0, 0, 0, 0, 0, 0], [0, 2, 3, 2, 0, 0, 0, 0, 0, 0, 0, 0], [0, 2, 2, 2, 0, 0, 0, 0, 0, 0, 0, 0], [0, 0, 0, 0, 0, 0, 0, 0, 0, 0, 0, 0], [0, 0, 0, 0, 0, 0, 0, 0, 0, 0, 0, 0], [0, 0, 0, 0, 0, 0, 2, 2, 2, 2, 0, 0], [0, 0, 0, 0, 0, 0, 2, 3, 3, 2, 0, 0], [0, 0, 0, 0, 0, 0, 2, 3, 3, 2, 0, 0], [0, 0, 0, 0, 0, 0, 2, 2, 2, 2, 0, 0], [0, 0, 0, 0, 0, 0, 0, 0, 0, 0, 0, 0], [0, 0, 0, 0, 0, 0, 0, 0, 0, 0, 0, 0]], "output": [[0, 2, 2, 2, 0, 0, 0, 0, 0, 0, 0, 0], [2, 3, 3, 3, 2, 0, 0, 0, 0, 0, 0, 0], [2, 3, 2, 3, 2, 0, 0, 0, 0, 0, 0, 0], [2, 3, 3, 3, 2, 0, 0, 0, 0, 0, 0, 0], [0, 2, 2, 2, 0, 0, 2, 2, 2, 2, 0, 0], [0, 0, 0, 0, 0, 0, 2, 2, 2, 2, 0, 0], [0, 0, 0, 0, 2, 2, 3, 3, 3, 3, 2, 2], [0, 0, 0, 0, 2, 2, 3, 2, 2, 3, 2, 2], [0, 0, 0, 0, 2, 2, 3, 2, 2, 3, 2, 2], [0, 0, 0, 0, 2, 2, 3, 3, 3, 3, 2, 2], [0, 0, 0, 0, 0, 0, 2, 2, 2, 2, 0, 0], [0, 0, 0, 0, 0, 0, 2, 2, 2, 2, 0, 0]]}], "train": [{"input": [[0, 0, 0, 0, 0, 0, 0, 0, 0, 0], [0, 0, 0, 0, 0, 0, 0, 0, 0, 0], [0, 0, 0, 0, 0, 0, 0, 0, 0, 0], [0, 0, 0, 4, 4, 4, 0, 0, 0, 0], [0, 0, 0, 4, 6, 4, 0, 0, 0, 0], [0, 0, 0, 4, 4, 4, 0, 0, 0, 0], [0, 0, 0, 0, 0, 0, 0, 0, 0, 0], [0, 0, 0, 0, 0, 0, 0, 0, 0, 0], [0, 0, 0, 0, 0, 0, 0, 0, 0, 0], [0, 0, 0, 0, 0, 0, 0, 0, 0, 0]], "output": [[0, 0, 0, 0, 0, 0, 0, 0, 0, 0], [0, 0, 0, 0, 0, 0, 0, 0, 0, 0], [0, 0, 0, 4, 4, 4, 0, 0, 0, 0], [0, 0, 4, 6, 6, 6, 4, 0, 0, 0], [0, 0, 4, 6, 4, 6, 4, 0, 0, 0], [0, 0, 4, 6, 6, 6, 4, 0, 0, 0], [0, 0, 0, 4, 4, 4, 0, 0, 0, 0], [0, 0, 0, 0, 0, 0, 0, 0, 0, 0], [0, 0, 0, 0, 0, 0, 0, 0, 0, 0], [0, 0, 0, 0, 0, 0, 0, 0, 0, 0]]}, {"input": [[0, 0, 0, 0, 0, 0, 0, 0, 0, 0], [0, 0, 0, 0, 0, 0, 0, 0, 0, 0], [0, 0, 0, 0, 0, 0, 0, 0, 0, 0], [0, 0, 0, 2, 2, 2, 2, 0, 0, 0], [0, 0, 0, 2, 7, 7, 2, 0, 0, 0], [0, 0, 0, 2, 7, 7, 2, 0, 0, 0], [0, 0, 0, 2, 2, 2, 2, 0, 0, 0], [0, 0, 0, 0, 0, 0, 0, 0, 0, 0], [0, 0, 0, 0, 0, 0, 0, 0, 0, 0], [0, 0, 0, 0, 0, 0, 0, 0, 0, 0]], "output": [[0, 0, 0, 0, 0, 0, 0, 0, 0, 0], [0, 0, 0, 2, 2, 2, 2, 0, 0, 0], [0, 0, 0, 2, 2, 2, 2, 0, 0, 0], [0, 2, 2, 7, 7, 7, 7, 2, 2, 0], [0, 2, 2, 7, 2, 2, 7, 2, 2, 0], [0, 2, 2, 7, 2, 2, 7, 2, 2, 0], [0, 2, 2, 7, 7, 7, 7, 2, 2, 0], [0, 0, 0, 2, 2, 2, 2, 0, 0, 0], [0, 0, 0, 2, 2, 2, 2, 0, 0, 0], [0, 0, 0, 0, 0, 0, 0, 0, 0, 0]]}, {"input": [[0, 0, 0, 0, 0, 0, 0, 0, 0, 0], [0, 0, 0, 0, 0, 0, 0, 0, 0, 0], [0, 0, 0, 0, 0, 0, 0, 0, 0, 0], [0, 0, 3, 3, 3, 3, 0, 0, 0, 0], [0, 0, 3, 1, 1, 3, 0, 0, 0, 0], [0, 0, 3, 1, 1, 3, 0, 0, 0, 0], [0, 0, 3, 3, 3, 3, 0, 0, 0, 0], [0, 0, 0, 0, 0, 0, 0, 0, 0, 0], [0, 0, 0, 0, 0, 0, 0, 0, 0, 0], [0, 0, 0, 0, 0, 0, 0, 0, 0, 0]], "output": [[0, 0, 0, 0, 0, 0, 0, 0, 0, 0], [0, 0, 3, 3, 3, 3, 0, 0, 0, 0], [0, 0, 3, 3, 3, 3, 0, 0, 0, 0], [3, 3, 1, 1, 1, 1, 3, 3, 0, 0], [3, 3, 1, 3, 3, 1, 3, 3, 0, 0], [3, 3, 1, 3, 3, 1, 3, 3, 0, 0], [3, 3, 1, 1, 1, 1, 3, 3, 0, 0], [0, 0, 3, 3, 3, 3, 0, 0, 0, 0], [0, 0, 3, 3, 3, 3, 0, 0, 0, 0], [0, 0, 0, 0, 0, 0, 0, 0, 0, 0]]}]}