{"test": [{"input": [[0, 0, 0, 0, 0, 0, 0, 0, 0, 0, 0, 0], [0, 8, 8, 8, 0, 0, 0, 0, 0, 0, 0, 0], [0, 8, 7, 8, 0, 0, 0, 0, 0, 0, 0, 0], [0, 8, 8, 8, 0, 0, 0, 0, 0, 0, 0, 0], [0, 0, 0, 0, 0, 0, 0, 0, 0, 0, 0, 0], [0, 0, 0, 0, 0, 0, 0, 0, 0, 0, 0, 0], [0, 0, 0, 0, 0, 0, 8, 8, 8, 8, 0, 0], [0, 0, 0, 0, 0, 0, 8, 7, 7, 8, 0, 0], [0, 0, 0, 0, 0, 0, 8, 7, 7, 8, 0, 0], [0, 0, 0, 0, 0, 0, 8, 8, 8, 8, 0, 0], [0, 0, 0, 0, 0, 0, 0, 0, 0, 0, 0, 0], [0, 0, 0, 0, 0, 0, 0, 0, 0, 0, 0, 0]], "output": [[0, 8, 8, 8, 0, 0, 0, 0, 0, 0, 0, 0], [8, 7, 7, 7, 8, 0, 0, 0, 0, 0, 0, 0], [8, 7, 8, 7, 8, 0, 0, 0, 0, 0, 0, 0], [8, 7, 7, 7, 8, 0, 0, 0, 0, 0, 0, 0], [0, 8, 8, 8, 0, 0, 8, 8, 8, 8, 0, 0], [0, 0, 0, 0, 0, 0, 8, 8, 8, 8, 0, 0], [0, 0, 0, 0, 8, 8, 7, 7, 7, 7, 8, 8], [0, 0, 0, 0, 8, 8, 7, 8, 8, 7, 8, 8], [0, 0, 0, 0, 8, 8, 7, 8, 8, 7, 8, 8], [0, 0, 0, 0, 8, 8, 7, 7, 7, 7, 8, 8], [0, 0, 0, 0, 0, 0, 8, 8, 8, 8, 0, 0], [0, 0, 0, 0, 0, 0, 8, 8, 8, 8, 0, 0]]}], "train": [{"input": [[0, 0, 0, 0, 0, 0, 0, 0, 0, 0], [0, 0, 0, 0, 0, 0, 0, 0, 0, 0], [0, 0, 0, 0, 0, 0, 0, 0, 0, 0], [0, 0, 0, 4, 4, 4, 0, 0, 0, 0], [0, 0, 0, 4, 6, 4, 0, 0, 0, 0], [0, 0, 0, 4, 4, 4, 0, 0, 0, 0], [0, 0, 0, 0, 0, 0, 0, 0, 0, 0], [0, 0, 0, 0, 0, 0, 0, 0, 0, 0], [0, 0, 0, 0, 0, 0, 0, 0, 0, 0], [0, 0, 0, 0, 0, 0, 0, 0, 0, 0]], "output": [[0, 0, 0, 0, 0, 0, 0, 0, 0, 0], [0, 0, 0, 0, 0, 0, 0, 0, 0, 0], [0, 0, 0, 4, 4, 4, 0, 0, 0, 0], [0, 0, 4, 6, 6, 6, 4, 0, 0, 0], [0, 0, 4, 6, 4, 6, 4, 0, 0, 0], [0, 0, 4, 6, 6, 6, 4, 0, 0, 0], [0, 0, 0, 4, 4, 4, 0, 0, 0, 0], [0, 0, 0, 0, 0, 0, 0, 0, 0, 0], [0, 0, 0, 0, 0, 0, 0, 0, 0, 0], [0, 0, 0, 0, 0, 0, 0, 0, 0, 0]]}, {"input": [[0, 0, 0, 0, 0, 0, 0, 0, 0, 0], [0, 0, 0, 0, 0, 0, 0, 0, 0, 0], [0, 0, 0, 0, 0, 0, 0, 0, 0, 0], [0, 0, 0, 2, 2, 2, 2, 0, 0, 0], [0, 0, 0, 2, 7, 7, 2, 0, 0, 0], [0, 0, 0, 2, 7, 7, 2, 0, 0, 0], [0, 0, 0, 2, 2, 2, 2, 0, 0, 0], [0, 0, 0, 0, 0, 0, 0, 0, 0, 0], [0, 0, 0, 0, 0, 0, 0, 0, 0, 0], [0, 0, 0, 0, 0, 0, 0, 0, 0, 0]], "output": [[0, 0, 0, 0, 0, 0, 0, 0, 0, 0], [0, 0, 0, 2, 2, 2, 2, 0, 0, 0], [0, 0, 0, 2, 2, 2, 2, 0, 0, 0], [0, 2, 2, 7, 7, 7, 7, 2, 2, 0], [0, 2, 2, 7, 2, 2, 7, 2, 2, 0], [0, 2, 2, 7, 2, 2, 7, 2, 2, 0], [0, 2, 2, 7, 7, 7, 7, 2, 2, 0], [0, 0, 0, 2, 2, 2, 2, 0, 0, 0], [0, 0, 0, 2, 2, 2, 2, 0, 0, 0], [0, 0, 0, 0, 0, 0, 0, 0, 0, 0]]}, {"input": [[0, 0, 0, 0, 0, 0, 0, 0, 0, 0], [0, 0, 0, 0, 0, 0, 0, 0, 0, 0], [0, 0, 0, 0, 0, 0, 0, 0, 0, 0], [0, 0, 7, 7, 7, 7, 0, 0, 0, 0], [0, 0, 7, 1, 1, 7, 0, 0, 0, 0], [0, 0, 7, 1, 1, 7, 0, 0, 0, 0], [0, 0, 7, 7, 7, 7, 0, 0, 0, 0], [0, 0, 0, 0, 0, 0, 0, 0, 0, 0], [0, 0, 0, 0, 0, 0, 0, 0, 0, 0], [0, 0, 0, 0, 0, 0, 0, 0, 0, 0]], "output": [[0, 0, 0, 0, 0, 0, 0, 0, 0, 0], [0, 0, 7, 7, 7, 7, 0, 0, 0, 0], [0, 0, 7, 7, 7, 7, 0, 0, 0, 0], [7, 7, 1, 1, 1, 1, 7, 7, 0, 0], [7, 7, 1, 7, 7, 1, 7, 7, 0, 0], [7, 7, 1, 7, 7, 1, 7, 7, 0, 0], [7, 7, 1, 1, 1, 1, 7, 7, 0, 0], [0, 0, 7, 7, 7, 7, 0, 0, 0, 0], [0, 0, 7, 7, 7, 7, 0, 0, 0, 0], [0, 0, 0, 0, 0, 0, 0, 0, 0, 0]]}]}