{"test": [{"input": [[0, 0, 0, 0, 0, 0, 0, 0, 0, 0, 0, 0, 0, 0, 0, 0, 0], [0, 0, 0, 0, 0, 0, 0, 0, 0, 0, 0, 0, 0, 0, 0, 0, 0], [0, 0, 0, 0, 0, 0, 0, 0, 0, 0, 0, 0, 0, 0, 0, 0, 0], [0, 0, 0, 0, 0, 0, 0, 2, 2, 2, 0, 0, 0, 0, 0, 0, 0], [6, 0, 6, 0, 6, 0, 6, 2, 6, 2, 6, 0, 6, 0, 6, 0, 6], [0, 0, 0, 0, 0, 0, 0, 2, 2, 2, 0, 0, 0, 0, 0, 0, 0], [0, 0, 0, 0, 0, 0, 0, 0, 0, 0, 0, 0, 0, 0, 0, 0, 0]], "output": [[0, 0, 0, 0, 0, 0, 0, 0, 0, 0, 0, 0, 0, 0, 0, 0, 0], [0, 0, 0, 0, 0, 0, 0, 0, 0, 0, 0, 0, 0, 0, 0, 0, 0], [0, 0, 0, 0, 0, 0, 0, 0, 0, 0, 0, 0, 0, 0, 0, 0, 0], [0, 0, 0, 0, 0, 0, 0, 0, 0, 2, 2, 2, 0, 0, 0, 0, 0], [6, 0, 6, 0, 6, 0, 6, 0, 6, 2, 6, 2, 6, 0, 6, 0, 6], [0, 0, 0, 0, 0, 0, 0, 0, 0, 2, 2, 2, 0, 0, 0, 0, 0], [0, 0, 0, 0, 0, 0, 0, 0, 0, 0, 0, 0, 0, 0, 0, 0, 0]]}], "train": [{"input": [[0, 0, 0, 0, 0, 0, 0, 0, 0, 0, 0, 0, 0], [0, 0, 0, 0, 0, 0, 0, 0, 0, 0, 0, 0, 0], [2, 2, 2, 0, 0, 0, 0, 0, 0, 0, 0, 0, 0], [2, 6, 2, 6, 0, 6, 0, 6, 0, 6, 0, 6, 0], [2, 2, 2, 0, 0, 0, 0, 0, 0, 0, 0, 0, 0], [0, 0, 0, 0, 0, 0, 0, 0, 0, 0, 0, 0, 0], [0, 0, 0, 0, 0, 0, 0, 0, 0, 0, 0, 0, 0]], "output": [[0, 0, 0, 0, 0, 0, 0, 0, 0, 0, 0, 0, 0], [0, 0, 0, 0, 0, 0, 0, 0, 0, 0, 0, 0, 0], [0, 0, 2, 2, 2, 0, 0, 0, 0, 0, 0, 0, 0], [0, 6, 2, 6, 2, 6, 0, 6, 0, 6, 0, 6, 0], [0, 0, 2, 2, 2, 0, 0, 0, 0, 0, 0, 0, 0], [0, 0, 0, 0, 0, 0, 0, 0, 0, 0, 0, 0, 0], [0, 0, 0, 0, 0, 0, 0, 0, 0, 0, 0, 0, 0]]}, {"input": [[0, 0, 0, 0, 6, 0, 0], [0, 0, 0, 0, 0, 0, 0], [0, 0, 0, 0, 6, 0, 0], [0, 0, 0, 2, 2, 2, 0], [0, 0, 0, 2, 6, 2, 0], [0, 0, 0, 2, 2, 2, 0], [0, 0, 0, 0, 6, 0, 0], [0, 0, 0, 0, 0, 0, 0], [0, 0, 0, 0, 6, 0, 0], [0, 0, 0, 0, 0, 0, 0], [0, 0, 0, 0, 6, 0, 0], [0, 0, 0, 0, 0, 0, 0], [0, 0, 0, 0, 6, 0, 0]], "output": [[0, 0, 0, 0, 6, 0, 0], [0, 0, 0, 0, 0, 0, 0], [0, 0, 0, 0, 6, 0, 0], [0, 0, 0, 0, 0, 0, 0], [0, 0, 0, 0, 6, 0, 0], [0, 0, 0, 2, 2, 2, 0], [0, 0, 0, 2, 6, 2, 0], [0, 0, 0, 2, 2, 2, 0], [0, 0, 0, 0, 6, 0, 0], [0, 0, 0, 0, 0, 0, 0], [0, 0, 0, 0, 6, 0, 0], [0, 0, 0, 0, 0, 0, 0], [0, 0, 0, 0, 6, 0, 0]]}, {"input": [[0, 0, 6, 0, 0, 0, 0], [0, 2, 2, 2, 0, 0, 0], [0, 2, 6, 2, 0, 0, 0], [0, 2, 2, 2, 0, 0, 0], [0, 0, 6, 0, 0, 0, 0], [0, 0, 0, 0, 0, 0, 0], [0, 0, 6, 0, 0, 0, 0]], "output": [[0, 0, 6, 0, 0, 0, 0], [0, 0, 0, 0, 0, 0, 0], [0, 0, 6, 0, 0, 0, 0], [0, 2, 2, 2, 0, 0, 0], [0, 2, 6, 2, 0, 0, 0], [0, 2, 2, 2, 0, 0, 0], [0, 0, 6, 0, 0, 0, 0]]}]}