{"test": [{"input": [[0, 0, 0, 0, 0, 0, 0, 0, 0, 0, 0, 0, 0, 0, 0, 0, 0], [0, 0, 0, 0, 0, 0, 0, 0, 0, 0, 0, 0, 0, 0, 0, 0, 0], [0, 0, 0, 0, 0, 0, 0, 0, 0, 0, 0, 0, 0, 0, 0, 0, 0], [0, 0, 0, 0, 0, 0, 0, 5, 5, 5, 0, 0, 0, 0, 0, 0, 0], [3, 0, 3, 0, 3, 0, 3, 5, 3, 5, 3, 0, 3, 0, 3, 0, 3], [0, 0, 0, 0, 0, 0, 0, 5, 5, 5, 0, 0, 0, 0, 0, 0, 0], [0, 0, 0, 0, 0, 0, 0, 0, 0, 0, 0, 0, 0, 0, 0, 0, 0]], "output": [[0, 0, 0, 0, 0, 0, 0, 0, 0, 0, 0, 0, 0, 0, 0, 0, 0], [0, 0, 0, 0, 0, 0, 0, 0, 0, 0, 0, 0, 0, 0, 0, 0, 0], [0, 0, 0, 0, 0, 0, 0, 0, 0, 0, 0, 0, 0, 0, 0, 0, 0], [0, 0, 0, 0, 0, 0, 0, 0, 0, 5, 5, 5, 0, 0, 0, 0, 0], [3, 0, 3, 0, 3, 0, 3, 0, 3, 5, 3, 5, 3, 0, 3, 0, 3], [0, 0, 0, 0, 0, 0, 0, 0, 0, 5, 5, 5, 0, 0, 0, 0, 0], [0, 0, 0, 0, 0, 0, 0, 0, 0, 0, 0, 0, 0, 0, 0, 0, 0]]}], "train": [{"input": [[0, 0, 0, 0, 0, 0, 0, 0, 0, 0, 0, 0, 0], [0, 0, 0, 0, 0, 0, 0, 0, 0, 0, 0, 0, 0], [5, 5, 5, 0, 0, 0, 0, 0, 0, 0, 0, 0, 0], [5, 3, 5, 3, 0, 3, 0, 3, 0, 3, 0, 3, 0], [5, 5, 5, 0, 0, 0, 0, 0, 0, 0, 0, 0, 0], [0, 0, 0, 0, 0, 0, 0, 0, 0, 0, 0, 0, 0], [0, 0, 0, 0, 0, 0, 0, 0, 0, 0, 0, 0, 0]], "output": [[0, 0, 0, 0, 0, 0, 0, 0, 0, 0, 0, 0, 0], [0, 0, 0, 0, 0, 0, 0, 0, 0, 0, 0, 0, 0], [0, 0, 5, 5, 5, 0, 0, 0, 0, 0, 0, 0, 0], [0, 3, 5, 3, 5, 3, 0, 3, 0, 3, 0, 3, 0], [0, 0, 5, 5, 5, 0, 0, 0, 0, 0, 0, 0, 0], [0, 0, 0, 0, 0, 0, 0, 0, 0, 0, 0, 0, 0], [0, 0, 0, 0, 0, 0, 0, 0, 0, 0, 0, 0, 0]]}, {"input": [[0, 0, 0, 0, 3, 0, 0], [0, 0, 0, 0, 0, 0, 0], [0, 0, 0, 0, 3, 0, 0], [0, 0, 0, 5, 5, 5, 0], [0, 0, 0, 5, 3, 5, 0], [0, 0, 0, 5, 5, 5, 0], [0, 0, 0, 0, 3, 0, 0], [0, 0, 0, 0, 0, 0, 0], [0, 0, 0, 0, 3, 0, 0], [0, 0, 0, 0, 0, 0, 0], [0, 0, 0, 0, 3, 0, 0], [0, 0, 0, 0, 0, 0, 0], [0, 0, 0, 0, 3, 0, 0]], "output": [[0, 0, 0, 0, 3, 0, 0], [0, 0, 0, 0, 0, 0, 0], [0, 0, 0, 0, 3, 0, 0], [0, 0, 0, 0, 0, 0, 0], [0, 0, 0, 0, 3, 0, 0], [0, 0, 0, 5, 5, 5, 0], [0, 0, 0, 5, 3, 5, 0], [0, 0, 0, 5, 5, 5, 0], [0, 0, 0, 0, 3, 0, 0], [0, 0, 0, 0, 0, 0, 0], [0, 0, 0, 0, 3, 0, 0], [0, 0, 0, 0, 0, 0, 0], [0, 0, 0, 0, 3, 0, 0]]}, {"input": [[0, 0, 3, 0, 0, 0, 0], [0, 5, 5, 5, 0, 0, 0], [0, 5, 3, 5, 0, 0, 0], [0, 5, 5, 5, 0, 0, 0], [0, 0, 3, 0, 0, 0, 0], [0, 0, 0, 0, 0, 0, 0], [0, 0, 3, 0, 0, 0, 0]], "output": [[0, 0, 3, 0, 0, 0, 0], [0, 0, 0, 0, 0, 0, 0], [0, 0, 3, 0, 0, 0, 0], [0, 5, 5, 5, 0, 0, 0], [0, 5, 3, 5, 0, 0, 0], [0, 5, 5, 5, 0, 0, 0], [0, 0, 3, 0, 0, 0, 0]]}]}