{"test": [{"input": [[0, 0, 0, 0, 0, 0, 0, 0, 0, 0, 0, 0, 0, 0, 0, 0, 0], [0, 0, 0, 0, 0, 0, 0, 0, 0, 0, 0, 0, 0, 0, 0, 0, 0], [0, 0, 0, 0, 0, 0, 0, 0, 0, 0, 0, 0, 0, 0, 0, 0, 0], [0, 0, 0, 0, 0, 0, 0, 2, 2, 2, 0, 0, 0, 0, 0, 0, 0], [7, 0, 7, 0, 7, 0, 7, 2, 7, 2, 7, 0, 7, 0, 7, 0, 7], [0, 0, 0, 0, 0, 0, 0, 2, 2, 2, 0, 0, 0, 0, 0, 0, 0], [0, 0, 0, 0, 0, 0, 0, 0, 0, 0, 0, 0, 0, 0, 0, 0, 0]], "output": [[0, 0, 0, 0, 0, 0, 0, 0, 0, 0, 0, 0, 0, 0, 0, 0, 0], [0, 0, 0, 0, 0, 0, 0, 0, 0, 0, 0, 0, 0, 0, 0, 0, 0], [0, 0, 0, 0, 0, 0, 0, 0, 0, 0, 0, 0, 0, 0, 0, 0, 0], [0, 0, 0, 0, 0, 0, 0, 0, 0, 2, 2, 2, 0, 0, 0, 0, 0], [7, 0, 7, 0, 7, 0, 7, 0, 7, 2, 7, 2, 7, 0, 7, 0, 7], [0, 0, 0, 0, 0, 0, 0, 0, 0, 2, 2, 2, 0, 0, 0, 0, 0], [0, 0, 0, 0, 0, 0, 0, 0, 0, 0, 0, 0, 0, 0, 0, 0, 0]]}], "train": [{"input": [[0, 0, 0, 0, 0, 0, 0, 0, 0, 0, 0, 0, 0], [0, 0, 0, 0, 0, 0, 0, 0, 0, 0, 0, 0, 0], [2, 2, 2, 0, 0, 0, 0, 0, 0, 0, 0, 0, 0], [2, 7, 2, 7, 0, 7, 0, 7, 0, 7, 0, 7, 0], [2, 2, 2, 0, 0, 0, 0, 0, 0, 0, 0, 0, 0], [0, 0, 0, 0, 0, 0, 0, 0, 0, 0, 0, 0, 0], [0, 0, 0, 0, 0, 0, 0, 0, 0, 0, 0, 0, 0]], "output": [[0, 0, 0, 0, 0, 0, 0, 0, 0, 0, 0, 0, 0], [0, 0, 0, 0, 0, 0, 0, 0, 0, 0, 0, 0, 0], [0, 0, 2, 2, 2, 0, 0, 0, 0, 0, 0, 0, 0], [0, 7, 2, 7, 2, 7, 0, 7, 0, 7, 0, 7, 0], [0, 0, 2, 2, 2, 0, 0, 0, 0, 0, 0, 0, 0], [0, 0, 0, 0, 0, 0, 0, 0, 0, 0, 0, 0, 0], [0, 0, 0, 0, 0, 0, 0, 0, 0, 0, 0, 0, 0]]}, {"input": [[0, 0, 0, 0, 7, 0, 0], [0, 0, 0, 0, 0, 0, 0], [0, 0, 0, 0, 7, 0, 0], [0, 0, 0, 2, 2, 2, 0], [0, 0, 0, 2, 7, 2, 0], [0, 0, 0, 2, 2, 2, 0], [0, 0, 0, 0, 7, 0, 0], [0, 0, 0, 0, 0, 0, 0], [0, 0, 0, 0, 7, 0, 0], [0, 0, 0, 0, 0, 0, 0], [0, 0, 0, 0, 7, 0, 0], [0, 0, 0, 0, 0, 0, 0], [0, 0, 0, 0, 7, 0, 0]], "output": [[0, 0, 0, 0, 7, 0, 0], [0, 0, 0, 0, 0, 0, 0], [0, 0, 0, 0, 7, 0, 0], [0, 0, 0, 0, 0, 0, 0], [0, 0, 0, 0, 7, 0, 0], [0, 0, 0, 2, 2, 2, 0], [0, 0, 0, 2, 7, 2, 0], [0, 0, 0, 2, 2, 2, 0], [0, 0, 0, 0, 7, 0, 0], [0, 0, 0, 0, 0, 0, 0], [0, 0, 0, 0, 7, 0, 0], [0, 0, 0, 0, 0, 0, 0], [0, 0, 0, 0, 7, 0, 0]]}, {"input": [[0, 0, 7, 0, 0, 0, 0], [0, 2, 2, 2, 0, 0, 0], [0, 2, 7, 2, 0, 0, 0], [0, 2, 2, 2, 0, 0, 0], [0, 0, 7, 0, 0, 0, 0], [0, 0, 0, 0, 0, 0, 0], [0, 0, 7, 0, 0, 0, 0]], "output": [[0, 0, 7, 0, 0, 0, 0], [0, 0, 0, 0, 0, 0, 0], [0, 0, 7, 0, 0, 0, 0], [0, 2, 2, 2, 0, 0, 0], [0, 2, 7, 2, 0, 0, 0], [0, 2, 2, 2, 0, 0, 0], [0, 0, 7, 0, 0, 0, 0]]}]}