{"test": [{"input": [[0, 0, 0, 0, 0, 0, 0, 0, 0, 0, 0, 0, 0, 0, 0, 0, 0], [0, 0, 0, 0, 0, 0, 0, 0, 0, 0, 0, 0, 0, 0, 0, 0, 0], [0, 0, 0, 0, 0, 0, 0, 0, 0, 0, 0, 0, 0, 0, 0, 0, 0], [0, 0, 0, 0, 0, 0, 0, 8, 8, 8, 0, 0, 0, 0, 0, 0, 0], [3, 0, 3, 0, 3, 0, 3, 8, 3, 8, 3, 0, 3, 0, 3, 0, 3], [0, 0, 0, 0, 0, 0, 0, 8, 8, 8, 0, 0, 0, 0, 0, 0, 0], [0, 0, 0, 0, 0, 0, 0, 0, 0, 0, 0, 0, 0, 0, 0, 0, 0]], "output": [[0, 0, 0, 0, 0, 0, 0, 0, 0, 0, 0, 0, 0, 0, 0, 0, 0], [0, 0, 0, 0, 0, 0, 0, 0, 0, 0, 0, 0, 0, 0, 0, 0, 0], [0, 0, 0, 0, 0, 0, 0, 0, 0, 0, 0, 0, 0, 0, 0, 0, 0], [0, 0, 0, 0, 0, 0, 0, 0, 0, 8, 8, 8, 0, 0, 0, 0, 0], [3, 0, 3, 0, 3, 0, 3, 0, 3, 8, 3, 8, 3, 0, 3, 0, 3], [0, 0, 0, 0, 0, 0, 0, 0, 0, 8, 8, 8, 0, 0, 0, 0, 0], [0, 0, 0, 0, 0, 0, 0, 0, 0, 0, 0, 0, 0, 0, 0, 0, 0]]}], "train": [{"input": [[0, 0, 0, 0, 0, 0, 0, 0, 0, 0, 0, 0, 0], [0, 0, 0, 0, 0, 0, 0, 0, 0, 0, 0, 0, 0], [8, 8, 8, 0, 0, 0, 0, 0, 0, 0, 0, 0, 0], [8, 3, 8, 3, 0, 3, 0, 3, 0, 3, 0, 3, 0], [8, 8, 8, 0, 0, 0, 0, 0, 0, 0, 0, 0, 0], [0, 0, 0, 0, 0, 0, 0, 0, 0, 0, 0, 0, 0], [0, 0, 0, 0, 0, 0, 0, 0, 0, 0, 0, 0, 0]], "output": [[0, 0, 0, 0, 0, 0, 0, 0, 0, 0, 0, 0, 0], [0, 0, 0, 0, 0, 0, 0, 0, 0, 0, 0, 0, 0], [0, 0, 8, 8, 8, 0, 0, 0, 0, 0, 0, 0, 0], [0, 3, 8, 3, 8, 3, 0, 3, 0, 3, 0, 3, 0], [0, 0, 8, 8, 8, 0, 0, 0, 0, 0, 0, 0, 0], [0, 0, 0, 0, 0, 0, 0, 0, 0, 0, 0, 0, 0], [0, 0, 0, 0, 0, 0, 0, 0, 0, 0, 0, 0, 0]]}, {"input": [[0, 0, 0, 0, 3, 0, 0], [0, 0, 0, 0, 0, 0, 0], [0, 0, 0, 0, 3, 0, 0], [0, 0, 0, 8, 8, 8, 0], [0, 0, 0, 8, 3, 8, 0], [0, 0, 0, 8, 8, 8, 0], [0, 0, 0, 0, 3, 0, 0], [0, 0, 0, 0, 0, 0, 0], [0, 0, 0, 0, 3, 0, 0], [0, 0, 0, 0, 0, 0, 0], [0, 0, 0, 0, 3, 0, 0], [0, 0, 0, 0, 0, 0, 0], [0, 0, 0, 0, 3, 0, 0]], "output": [[0, 0, 0, 0, 3, 0, 0], [0, 0, 0, 0, 0, 0, 0], [0, 0, 0, 0, 3, 0, 0], [0, 0, 0, 0, 0, 0, 0], [0, 0, 0, 0, 3, 0, 0], [0, 0, 0, 8, 8, 8, 0], [0, 0, 0, 8, 3, 8, 0], [0, 0, 0, 8, 8, 8, 0], [0, 0, 0, 0, 3, 0, 0], [0, 0, 0, 0, 0, 0, 0], [0, 0, 0, 0, 3, 0, 0], [0, 0, 0, 0, 0, 0, 0], [0, 0, 0, 0, 3, 0, 0]]}, {"input": [[0, 0, 3, 0, 0, 0, 0], [0, 8, 8, 8, 0, 0, 0], [0, 8, 3, 8, 0, 0, 0], [0, 8, 8, 8, 0, 0, 0], [0, 0, 3, 0, 0, 0, 0], [0, 0, 0, 0, 0, 0, 0], [0, 0, 3, 0, 0, 0, 0]], "output": [[0, 0, 3, 0, 0, 0, 0], [0, 0, 0, 0, 0, 0, 0], [0, 0, 3, 0, 0, 0, 0], [0, 8, 8, 8, 0, 0, 0], [0, 8, 3, 8, 0, 0, 0], [0, 8, 8, 8, 0, 0, 0], [0, 0, 3, 0, 0, 0, 0]]}]}