{"test": [{"input": [[0, 0, 0, 0, 0, 0, 0, 0, 0, 0, 0, 0, 0], [0, 4, 0, 0, 0, 0, 0, 0, 4, 0, 0, 0, 0], [0, 2, 0, 0, 0, 0, 0, 0, 8, 0, 0, 0, 0], [0, 2, 0, 0, 0, 0, 0, 0, 8, 0, 0, 0, 0], [0, 2, 0, 0, 0, 0, 0, 0, 8, 0, 0, 0, 0], [0, 2, 0, 0, 0, 0, 0, 0, 8, 0, 0, 0, 0], [0, 4, 0, 0, 0, 0, 0, 0, 4, 0, 0, 0, 0], [0, 0, 0, 0, 0, 0, 0, 0, 0, 0, 0, 0, 0], [0, 0, 0, 0, 0, 0, 0, 0, 0, 0, 0, 0, 0], [0, 8, 0, 8, 2, 0, 0, 0, 0, 0, 0, 0, 0], [0, 8, 8, 8, 2, 2, 2, 0, 0, 0, 0, 0, 0], [0, 8, 0, 0, 0, 2, 0, 0, 0, 0, 0, 0, 0], [0, 8, 0, 0, 0, 2, 2, 0, 0, 0, 0, 0, 0]], "output": [[4, 0, 0, 0, 0, 0, 0, 4], [2, 0, 0, 2, 8, 0, 8, 8], [2, 2, 2, 2, 8, 8, 8, 8], [2, 0, 2, 0, 0, 0, 8, 8], [2, 2, 2, 0, 0, 0, 8, 8], [4, 0, 0, 0, 0, 0, 0, 4]]}], "train": [{"input": [[0, 0, 0, 0, 0, 0, 0, 0, 0, 0, 0, 0, 0], [0, 0, 0, 0, 0, 0, 0, 0, 0, 0, 0, 0, 0], [0, 0, 0, 0, 0, 0, 0, 0, 0, 0, 0, 0, 0], [0, 0, 2, 2, 0, 1, 0, 0, 0, 0, 0, 0, 0], [0, 0, 0, 2, 0, 1, 1, 1, 0, 0, 0, 0, 0], [0, 0, 0, 2, 2, 1, 0, 0, 0, 0, 0, 0, 0], [0, 0, 0, 0, 2, 0, 0, 0, 0, 0, 0, 0, 0], [0, 0, 0, 0, 0, 4, 0, 0, 0, 0, 0, 0, 4], [0, 0, 0, 0, 0, 2, 0, 0, 0, 0, 0, 0, 1], [0, 0, 0, 0, 0, 2, 0, 0, 0, 0, 0, 0, 1], [0, 0, 0, 0, 0, 2, 0, 0, 0, 0, 0, 0, 1], [0, 0, 0, 0, 0, 2, 0, 0, 0, 0, 0, 0, 1], [0, 0, 0, 0, 0, 4, 0, 0, 0, 0, 0, 0, 4]], "output": [[4, 0, 0, 0, 0, 0, 0, 4], [2, 2, 2, 0, 1, 0, 0, 1], [2, 0, 2, 0, 1, 1, 1, 1], [2, 0, 2, 2, 1, 0, 0, 1], [2, 0, 0, 2, 0, 0, 0, 1], [4, 0, 0, 0, 0, 0, 0, 4]]}, {"input": [[0, 0, 0, 0, 0, 0, 0, 0, 0, 0, 0, 0, 0], [0, 0, 0, 0, 0, 3, 0, 8, 0, 8, 0, 0, 0], [0, 0, 0, 0, 3, 3, 3, 8, 8, 8, 0, 0, 0], [0, 0, 0, 0, 0, 3, 0, 8, 0, 8, 0, 0, 0], [0, 0, 0, 0, 0, 3, 3, 8, 8, 8, 0, 0, 0], [0, 0, 0, 0, 0, 0, 0, 8, 0, 8, 0, 0, 0], [0, 4, 0, 0, 0, 0, 0, 0, 4, 0, 0, 0, 0], [0, 8, 0, 0, 0, 0, 0, 0, 3, 0, 0, 0, 0], [0, 8, 0, 0, 0, 0, 0, 0, 3, 0, 0, 0, 0], [0, 8, 0, 0, 0, 0, 0, 0, 3, 0, 0, 0, 0], [0, 8, 0, 0, 0, 0, 0, 0, 3, 0, 0, 0, 0], [0, 8, 0, 0, 0, 0, 0, 0, 3, 0, 0, 0, 0], [0, 4, 0, 0, 0, 0, 0, 0, 4, 0, 0, 0, 0]], "output": [[4, 0, 0, 0, 0, 0, 0, 4], [8, 8, 0, 8, 0, 3, 0, 3], [8, 8, 8, 8, 3, 3, 3, 3], [8, 8, 0, 8, 0, 3, 0, 3], [8, 8, 8, 8, 3, 3, 0, 3], [8, 8, 0, 8, 0, 0, 0, 3], [4, 0, 0, 0, 0, 0, 0, 4]]}, {"input": [[0, 0, 0, 0, 0, 0, 0, 0, 0, 0, 0, 0, 0], [0, 0, 4, 0, 0, 0, 0, 4, 0, 0, 0, 0, 0], [0, 0, 2, 0, 0, 0, 0, 1, 0, 0, 0, 0, 0], [0, 0, 2, 0, 0, 0, 0, 1, 0, 0, 0, 0, 0], [0, 0, 4, 0, 0, 0, 0, 4, 0, 0, 0, 0, 0], [0, 0, 0, 0, 0, 0, 0, 0, 0, 0, 0, 0, 0], [0, 0, 0, 0, 0, 0, 0, 0, 0, 0, 0, 0, 0], [0, 0, 0, 0, 0, 0, 0, 0, 0, 0, 0, 0, 0], [0, 0, 0, 0, 0, 0, 0, 0, 0, 0, 0, 0, 0], [0, 0, 0, 1, 1, 2, 0, 0, 0, 0, 0, 0, 0], [0, 0, 0, 0, 1, 2, 2, 0, 0, 0, 0, 0, 0], [0, 0, 0, 0, 0, 0, 0, 0, 0, 0, 0, 0, 0], [0, 0, 0, 0, 0, 0, 0, 0, 0, 0, 0, 0, 0]], "output": [[4, 0, 0, 0, 0, 4], [2, 0, 2, 1, 1, 1], [2, 2, 2, 1, 0, 1], [4, 0, 0, 0, 0, 4]]}, {"input": [[0, 0, 0, 0, 0, 0, 0, 0, 0, 0, 0, 0, 0], [0, 0, 0, 0, 0, 4, 0, 0, 0, 0, 4, 0, 0], [0, 0, 0, 0, 0, 8, 0, 0, 0, 0, 3, 0, 0], [0, 0, 0, 0, 0, 8, 0, 0, 0, 0, 3, 0, 0], [0, 0, 0, 0, 0, 8, 0, 0, 0, 0, 3, 0, 0], [0, 0, 0, 0, 0, 4, 0, 0, 0, 0, 4, 0, 0], [0, 0, 0, 0, 0, 0, 0, 0, 0, 0, 0, 0, 0], [0, 0, 0, 0, 0, 0, 0, 0, 0, 0, 0, 0, 0], [0, 0, 0, 0, 0, 0, 0, 0, 0, 0, 0, 0, 0], [0, 0, 0, 0, 0, 8, 8, 0, 3, 0, 0, 0, 0], [0, 0, 0, 0, 0, 8, 8, 3, 3, 0, 0, 0, 0], [0, 0, 0, 0, 0, 0, 8, 0, 3, 0, 0, 0, 0], [0, 0, 0, 0, 0, 0, 0, 0, 0, 0, 0, 0, 0]], "output": [[4, 0, 0, 0, 0, 4], [8, 8, 8, 0, 3, 3], [8, 8, 8, 3, 3, 3], [8, 0, 8, 0, 3, 3], [4, 0, 0, 0, 0, 4]]}]}