{"test": [{"input": [[0, 0, 0, 0, 0, 0, 0, 0, 0, 0, 0, 0, 0], [0, 5, 0, 0, 0, 0, 0, 0, 5, 0, 0, 0, 0], [0, 2, 0, 0, 0, 0, 0, 0, 8, 0, 0, 0, 0], [0, 2, 0, 0, 0, 0, 0, 0, 8, 0, 0, 0, 0], [0, 2, 0, 0, 0, 0, 0, 0, 8, 0, 0, 0, 0], [0, 2, 0, 0, 0, 0, 0, 0, 8, 0, 0, 0, 0], [0, 5, 0, 0, 0, 0, 0, 0, 5, 0, 0, 0, 0], [0, 0, 0, 0, 0, 0, 0, 0, 0, 0, 0, 0, 0], [0, 0, 0, 0, 0, 0, 0, 0, 0, 0, 0, 0, 0], [0, 8, 0, 8, 2, 0, 0, 0, 0, 0, 0, 0, 0], [0, 8, 8, 8, 2, 2, 2, 0, 0, 0, 0, 0, 0], [0, 8, 0, 0, 0, 2, 0, 0, 0, 0, 0, 0, 0], [0, 8, 0, 0, 0, 2, 2, 0, 0, 0, 0, 0, 0]], "output": [[5, 0, 0, 0, 0, 0, 0, 5], [2, 0, 0, 2, 8, 0, 8, 8], [2, 2, 2, 2, 8, 8, 8, 8], [2, 0, 2, 0, 0, 0, 8, 8], [2, 2, 2, 0, 0, 0, 8, 8], [5, 0, 0, 0, 0, 0, 0, 5]]}], "train": [{"input": [[0, 0, 0, 0, 0, 0, 0, 0, 0, 0, 0, 0, 0], [0, 0, 0, 0, 0, 0, 0, 0, 0, 0, 0, 0, 0], [0, 0, 0, 0, 0, 0, 0, 0, 0, 0, 0, 0, 0], [0, 0, 2, 2, 0, 1, 0, 0, 0, 0, 0, 0, 0], [0, 0, 0, 2, 0, 1, 1, 1, 0, 0, 0, 0, 0], [0, 0, 0, 2, 2, 1, 0, 0, 0, 0, 0, 0, 0], [0, 0, 0, 0, 2, 0, 0, 0, 0, 0, 0, 0, 0], [0, 0, 0, 0, 0, 5, 0, 0, 0, 0, 0, 0, 5], [0, 0, 0, 0, 0, 2, 0, 0, 0, 0, 0, 0, 1], [0, 0, 0, 0, 0, 2, 0, 0, 0, 0, 0, 0, 1], [0, 0, 0, 0, 0, 2, 0, 0, 0, 0, 0, 0, 1], [0, 0, 0, 0, 0, 2, 0, 0, 0, 0, 0, 0, 1], [0, 0, 0, 0, 0, 5, 0, 0, 0, 0, 0, 0, 5]], "output": [[5, 0, 0, 0, 0, 0, 0, 5], [2, 2, 2, 0, 1, 0, 0, 1], [2, 0, 2, 0, 1, 1, 1, 1], [2, 0, 2, 2, 1, 0, 0, 1], [2, 0, 0, 2, 0, 0, 0, 1], [5, 0, 0, 0, 0, 0, 0, 5]]}, {"input": [[0, 0, 0, 0, 0, 0, 0, 0, 0, 0, 0, 0, 0], [0, 0, 0, 0, 0, 3, 0, 8, 0, 8, 0, 0, 0], [0, 0, 0, 0, 3, 3, 3, 8, 8, 8, 0, 0, 0], [0, 0, 0, 0, 0, 3, 0, 8, 0, 8, 0, 0, 0], [0, 0, 0, 0, 0, 3, 3, 8, 8, 8, 0, 0, 0], [0, 0, 0, 0, 0, 0, 0, 8, 0, 8, 0, 0, 0], [0, 5, 0, 0, 0, 0, 0, 0, 5, 0, 0, 0, 0], [0, 8, 0, 0, 0, 0, 0, 0, 3, 0, 0, 0, 0], [0, 8, 0, 0, 0, 0, 0, 0, 3, 0, 0, 0, 0], [0, 8, 0, 0, 0, 0, 0, 0, 3, 0, 0, 0, 0], [0, 8, 0, 0, 0, 0, 0, 0, 3, 0, 0, 0, 0], [0, 8, 0, 0, 0, 0, 0, 0, 3, 0, 0, 0, 0], [0, 5, 0, 0, 0, 0, 0, 0, 5, 0, 0, 0, 0]], "output": [[5, 0, 0, 0, 0, 0, 0, 5], [8, 8, 0, 8, 0, 3, 0, 3], [8, 8, 8, 8, 3, 3, 3, 3], [8, 8, 0, 8, 0, 3, 0, 3], [8, 8, 8, 8, 3, 3, 0, 3], [8, 8, 0, 8, 0, 0, 0, 3], [5, 0, 0, 0, 0, 0, 0, 5]]}, {"input": [[0, 0, 0, 0, 0, 0, 0, 0, 0, 0, 0, 0, 0], [0, 0, 5, 0, 0, 0, 0, 5, 0, 0, 0, 0, 0], [0, 0, 2, 0, 0, 0, 0, 1, 0, 0, 0, 0, 0], [0, 0, 2, 0, 0, 0, 0, 1, 0, 0, 0, 0, 0], [0, 0, 5, 0, 0, 0, 0, 5, 0, 0, 0, 0, 0], [0, 0, 0, 0, 0, 0, 0, 0, 0, 0, 0, 0, 0], [0, 0, 0, 0, 0, 0, 0, 0, 0, 0, 0, 0, 0], [0, 0, 0, 0, 0, 0, 0, 0, 0, 0, 0, 0, 0], [0, 0, 0, 0, 0, 0, 0, 0, 0, 0, 0, 0, 0], [0, 0, 0, 1, 1, 2, 0, 0, 0, 0, 0, 0, 0], [0, 0, 0, 0, 1, 2, 2, 0, 0, 0, 0, 0, 0], [0, 0, 0, 0, 0, 0, 0, 0, 0, 0, 0, 0, 0], [0, 0, 0, 0, 0, 0, 0, 0, 0, 0, 0, 0, 0]], "output": [[5, 0, 0, 0, 0, 5], [2, 0, 2, 1, 1, 1], [2, 2, 2, 1, 0, 1], [5, 0, 0, 0, 0, 5]]}, {"input": [[0, 0, 0, 0, 0, 0, 0, 0, 0, 0, 0, 0, 0], [0, 0, 0, 0, 0, 5, 0, 0, 0, 0, 5, 0, 0], [0, 0, 0, 0, 0, 7, 0, 0, 0, 0, 3, 0, 0], [0, 0, 0, 0, 0, 7, 0, 0, 0, 0, 3, 0, 0], [0, 0, 0, 0, 0, 7, 0, 0, 0, 0, 3, 0, 0], [0, 0, 0, 0, 0, 5, 0, 0, 0, 0, 5, 0, 0], [0, 0, 0, 0, 0, 0, 0, 0, 0, 0, 0, 0, 0], [0, 0, 0, 0, 0, 0, 0, 0, 0, 0, 0, 0, 0], [0, 0, 0, 0, 0, 0, 0, 0, 0, 0, 0, 0, 0], [0, 0, 0, 0, 0, 7, 7, 0, 3, 0, 0, 0, 0], [0, 0, 0, 0, 0, 7, 7, 3, 3, 0, 0, 0, 0], [0, 0, 0, 0, 0, 0, 7, 0, 3, 0, 0, 0, 0], [0, 0, 0, 0, 0, 0, 0, 0, 0, 0, 0, 0, 0]], "output": [[5, 0, 0, 0, 0, 5], [7, 7, 7, 0, 3, 3], [7, 7, 7, 3, 3, 3], [7, 0, 7, 0, 3, 3], [5, 0, 0, 0, 0, 5]]}]}