{"test": [{"input": [[0, 0, 0, 0, 0, 0, 0, 0, 0, 0, 0, 0, 0], [0, 4, 0, 0, 0, 0, 0, 0, 4, 0, 0, 0, 0], [0, 5, 0, 0, 0, 0, 0, 0, 8, 0, 0, 0, 0], [0, 5, 0, 0, 0, 0, 0, 0, 8, 0, 0, 0, 0], [0, 5, 0, 0, 0, 0, 0, 0, 8, 0, 0, 0, 0], [0, 5, 0, 0, 0, 0, 0, 0, 8, 0, 0, 0, 0], [0, 4, 0, 0, 0, 0, 0, 0, 4, 0, 0, 0, 0], [0, 0, 0, 0, 0, 0, 0, 0, 0, 0, 0, 0, 0], [0, 0, 0, 0, 0, 0, 0, 0, 0, 0, 0, 0, 0], [0, 8, 0, 8, 5, 0, 0, 0, 0, 0, 0, 0, 0], [0, 8, 8, 8, 5, 5, 5, 0, 0, 0, 0, 0, 0], [0, 8, 0, 0, 0, 5, 0, 0, 0, 0, 0, 0, 0], [0, 8, 0, 0, 0, 5, 5, 0, 0, 0, 0, 0, 0]], "output": [[4, 0, 0, 0, 0, 0, 0, 4], [5, 0, 0, 5, 8, 0, 8, 8], [5, 5, 5, 5, 8, 8, 8, 8], [5, 0, 5, 0, 0, 0, 8, 8], [5, 5, 5, 0, 0, 0, 8, 8], [4, 0, 0, 0, 0, 0, 0, 4]]}], "train": [{"input": [[0, 0, 0, 0, 0, 0, 0, 0, 0, 0, 0, 0, 0], [0, 0, 0, 0, 0, 0, 0, 0, 0, 0, 0, 0, 0], [0, 0, 0, 0, 0, 0, 0, 0, 0, 0, 0, 0, 0], [0, 0, 5, 5, 0, 1, 0, 0, 0, 0, 0, 0, 0], [0, 0, 0, 5, 0, 1, 1, 1, 0, 0, 0, 0, 0], [0, 0, 0, 5, 5, 1, 0, 0, 0, 0, 0, 0, 0], [0, 0, 0, 0, 5, 0, 0, 0, 0, 0, 0, 0, 0], [0, 0, 0, 0, 0, 4, 0, 0, 0, 0, 0, 0, 4], [0, 0, 0, 0, 0, 5, 0, 0, 0, 0, 0, 0, 1], [0, 0, 0, 0, 0, 5, 0, 0, 0, 0, 0, 0, 1], [0, 0, 0, 0, 0, 5, 0, 0, 0, 0, 0, 0, 1], [0, 0, 0, 0, 0, 5, 0, 0, 0, 0, 0, 0, 1], [0, 0, 0, 0, 0, 4, 0, 0, 0, 0, 0, 0, 4]], "output": [[4, 0, 0, 0, 0, 0, 0, 4], [5, 5, 5, 0, 1, 0, 0, 1], [5, 0, 5, 0, 1, 1, 1, 1], [5, 0, 5, 5, 1, 0, 0, 1], [5, 0, 0, 5, 0, 0, 0, 1], [4, 0, 0, 0, 0, 0, 0, 4]]}, {"input": [[0, 0, 0, 0, 0, 0, 0, 0, 0, 0, 0, 0, 0], [0, 0, 0, 0, 0, 3, 0, 8, 0, 8, 0, 0, 0], [0, 0, 0, 0, 3, 3, 3, 8, 8, 8, 0, 0, 0], [0, 0, 0, 0, 0, 3, 0, 8, 0, 8, 0, 0, 0], [0, 0, 0, 0, 0, 3, 3, 8, 8, 8, 0, 0, 0], [0, 0, 0, 0, 0, 0, 0, 8, 0, 8, 0, 0, 0], [0, 4, 0, 0, 0, 0, 0, 0, 4, 0, 0, 0, 0], [0, 8, 0, 0, 0, 0, 0, 0, 3, 0, 0, 0, 0], [0, 8, 0, 0, 0, 0, 0, 0, 3, 0, 0, 0, 0], [0, 8, 0, 0, 0, 0, 0, 0, 3, 0, 0, 0, 0], [0, 8, 0, 0, 0, 0, 0, 0, 3, 0, 0, 0, 0], [0, 8, 0, 0, 0, 0, 0, 0, 3, 0, 0, 0, 0], [0, 4, 0, 0, 0, 0, 0, 0, 4, 0, 0, 0, 0]], "output": [[4, 0, 0, 0, 0, 0, 0, 4], [8, 8, 0, 8, 0, 3, 0, 3], [8, 8, 8, 8, 3, 3, 3, 3], [8, 8, 0, 8, 0, 3, 0, 3], [8, 8, 8, 8, 3, 3, 0, 3], [8, 8, 0, 8, 0, 0, 0, 3], [4, 0, 0, 0, 0, 0, 0, 4]]}, {"input": [[0, 0, 0, 0, 0, 0, 0, 0, 0, 0, 0, 0, 0], [0, 0, 4, 0, 0, 0, 0, 4, 0, 0, 0, 0, 0], [0, 0, 5, 0, 0, 0, 0, 1, 0, 0, 0, 0, 0], [0, 0, 5, 0, 0, 0, 0, 1, 0, 0, 0, 0, 0], [0, 0, 4, 0, 0, 0, 0, 4, 0, 0, 0, 0, 0], [0, 0, 0, 0, 0, 0, 0, 0, 0, 0, 0, 0, 0], [0, 0, 0, 0, 0, 0, 0, 0, 0, 0, 0, 0, 0], [0, 0, 0, 0, 0, 0, 0, 0, 0, 0, 0, 0, 0], [0, 0, 0, 0, 0, 0, 0, 0, 0, 0, 0, 0, 0], [0, 0, 0, 1, 1, 5, 0, 0, 0, 0, 0, 0, 0], [0, 0, 0, 0, 1, 5, 5, 0, 0, 0, 0, 0, 0], [0, 0, 0, 0, 0, 0, 0, 0, 0, 0, 0, 0, 0], [0, 0, 0, 0, 0, 0, 0, 0, 0, 0, 0, 0, 0]], "output": [[4, 0, 0, 0, 0, 4], [5, 0, 5, 1, 1, 1], [5, 5, 5, 1, 0, 1], [4, 0, 0, 0, 0, 4]]}, {"input": [[0, 0, 0, 0, 0, 0, 0, 0, 0, 0, 0, 0, 0], [0, 0, 0, 0, 0, 4, 0, 0, 0, 0, 4, 0, 0], [0, 0, 0, 0, 0, 7, 0, 0, 0, 0, 3, 0, 0], [0, 0, 0, 0, 0, 7, 0, 0, 0, 0, 3, 0, 0], [0, 0, 0, 0, 0, 7, 0, 0, 0, 0, 3, 0, 0], [0, 0, 0, 0, 0, 4, 0, 0, 0, 0, 4, 0, 0], [0, 0, 0, 0, 0, 0, 0, 0, 0, 0, 0, 0, 0], [0, 0, 0, 0, 0, 0, 0, 0, 0, 0, 0, 0, 0], [0, 0, 0, 0, 0, 0, 0, 0, 0, 0, 0, 0, 0], [0, 0, 0, 0, 0, 7, 7, 0, 3, 0, 0, 0, 0], [0, 0, 0, 0, 0, 7, 7, 3, 3, 0, 0, 0, 0], [0, 0, 0, 0, 0, 0, 7, 0, 3, 0, 0, 0, 0], [0, 0, 0, 0, 0, 0, 0, 0, 0, 0, 0, 0, 0]], "output": [[4, 0, 0, 0, 0, 4], [7, 7, 7, 0, 3, 3], [7, 7, 7, 3, 3, 3], [7, 0, 7, 0, 3, 3], [4, 0, 0, 0, 0, 4]]}]}