{"test": [{"input": [[0, 0, 0, 0, 0, 0, 0, 0, 0, 0, 0, 0, 0], [0, 4, 0, 0, 0, 0, 0, 0, 4, 0, 0, 0, 0], [0, 2, 0, 0, 0, 0, 0, 0, 1, 0, 0, 0, 0], [0, 2, 0, 0, 0, 0, 0, 0, 1, 0, 0, 0, 0], [0, 2, 0, 0, 0, 0, 0, 0, 1, 0, 0, 0, 0], [0, 2, 0, 0, 0, 0, 0, 0, 1, 0, 0, 0, 0], [0, 4, 0, 0, 0, 0, 0, 0, 4, 0, 0, 0, 0], [0, 0, 0, 0, 0, 0, 0, 0, 0, 0, 0, 0, 0], [0, 0, 0, 0, 0, 0, 0, 0, 0, 0, 0, 0, 0], [0, 1, 0, 1, 2, 0, 0, 0, 0, 0, 0, 0, 0], [0, 1, 1, 1, 2, 2, 2, 0, 0, 0, 0, 0, 0], [0, 1, 0, 0, 0, 2, 0, 0, 0, 0, 0, 0, 0], [0, 1, 0, 0, 0, 2, 2, 0, 0, 0, 0, 0, 0]], "output": [[4, 0, 0, 0, 0, 0, 0, 4], [2, 0, 0, 2, 1, 0, 1, 1], [2, 2, 2, 2, 1, 1, 1, 1], [2, 0, 2, 0, 0, 0, 1, 1], [2, 2, 2, 0, 0, 0, 1, 1], [4, 0, 0, 0, 0, 0, 0, 4]]}], "train": [{"input": [[0, 0, 0, 0, 0, 0, 0, 0, 0, 0, 0, 0, 0], [0, 0, 0, 0, 0, 0, 0, 0, 0, 0, 0, 0, 0], [0, 0, 0, 0, 0, 0, 0, 0, 0, 0, 0, 0, 0], [0, 0, 2, 2, 0, 1, 0, 0, 0, 0, 0, 0, 0], [0, 0, 0, 2, 0, 1, 1, 1, 0, 0, 0, 0, 0], [0, 0, 0, 2, 2, 1, 0, 0, 0, 0, 0, 0, 0], [0, 0, 0, 0, 2, 0, 0, 0, 0, 0, 0, 0, 0], [0, 0, 0, 0, 0, 4, 0, 0, 0, 0, 0, 0, 4], [0, 0, 0, 0, 0, 2, 0, 0, 0, 0, 0, 0, 1], [0, 0, 0, 0, 0, 2, 0, 0, 0, 0, 0, 0, 1], [0, 0, 0, 0, 0, 2, 0, 0, 0, 0, 0, 0, 1], [0, 0, 0, 0, 0, 2, 0, 0, 0, 0, 0, 0, 1], [0, 0, 0, 0, 0, 4, 0, 0, 0, 0, 0, 0, 4]], "output": [[4, 0, 0, 0, 0, 0, 0, 4], [2, 2, 2, 0, 1, 0, 0, 1], [2, 0, 2, 0, 1, 1, 1, 1], [2, 0, 2, 2, 1, 0, 0, 1], [2, 0, 0, 2, 0, 0, 0, 1], [4, 0, 0, 0, 0, 0, 0, 4]]}, {"input": [[0, 0, 0, 0, 0, 0, 0, 0, 0, 0, 0, 0, 0], [0, 0, 0, 0, 0, 3, 0, 1, 0, 1, 0, 0, 0], [0, 0, 0, 0, 3, 3, 3, 1, 1, 1, 0, 0, 0], [0, 0, 0, 0, 0, 3, 0, 1, 0, 1, 0, 0, 0], [0, 0, 0, 0, 0, 3, 3, 1, 1, 1, 0, 0, 0], [0, 0, 0, 0, 0, 0, 0, 1, 0, 1, 0, 0, 0], [0, 4, 0, 0, 0, 0, 0, 0, 4, 0, 0, 0, 0], [0, 1, 0, 0, 0, 0, 0, 0, 3, 0, 0, 0, 0], [0, 1, 0, 0, 0, 0, 0, 0, 3, 0, 0, 0, 0], [0, 1, 0, 0, 0, 0, 0, 0, 3, 0, 0, 0, 0], [0, 1, 0, 0, 0, 0, 0, 0, 3, 0, 0, 0, 0], [0, 1, 0, 0, 0, 0, 0, 0, 3, 0, 0, 0, 0], [0, 4, 0, 0, 0, 0, 0, 0, 4, 0, 0, 0, 0]], "output": [[4, 0, 0, 0, 0, 0, 0, 4], [1, 1, 0, 1, 0, 3, 0, 3], [1, 1, 1, 1, 3, 3, 3, 3], [1, 1, 0, 1, 0, 3, 0, 3], [1, 1, 1, 1, 3, 3, 0, 3], [1, 1, 0, 1, 0, 0, 0, 3], [4, 0, 0, 0, 0, 0, 0, 4]]}, {"input": [[0, 0, 0, 0, 0, 0, 0, 0, 0, 0, 0, 0, 0], [0, 0, 4, 0, 0, 0, 0, 4, 0, 0, 0, 0, 0], [0, 0, 2, 0, 0, 0, 0, 1, 0, 0, 0, 0, 0], [0, 0, 2, 0, 0, 0, 0, 1, 0, 0, 0, 0, 0], [0, 0, 4, 0, 0, 0, 0, 4, 0, 0, 0, 0, 0], [0, 0, 0, 0, 0, 0, 0, 0, 0, 0, 0, 0, 0], [0, 0, 0, 0, 0, 0, 0, 0, 0, 0, 0, 0, 0], [0, 0, 0, 0, 0, 0, 0, 0, 0, 0, 0, 0, 0], [0, 0, 0, 0, 0, 0, 0, 0, 0, 0, 0, 0, 0], [0, 0, 0, 1, 1, 2, 0, 0, 0, 0, 0, 0, 0], [0, 0, 0, 0, 1, 2, 2, 0, 0, 0, 0, 0, 0], [0, 0, 0, 0, 0, 0, 0, 0, 0, 0, 0, 0, 0], [0, 0, 0, 0, 0, 0, 0, 0, 0, 0, 0, 0, 0]], "output": [[4, 0, 0, 0, 0, 4], [2, 0, 2, 1, 1, 1], [2, 2, 2, 1, 0, 1], [4, 0, 0, 0, 0, 4]]}, {"input": [[0, 0, 0, 0, 0, 0, 0, 0, 0, 0, 0, 0, 0], [0, 0, 0, 0, 0, 4, 0, 0, 0, 0, 4, 0, 0], [0, 0, 0, 0, 0, 7, 0, 0, 0, 0, 3, 0, 0], [0, 0, 0, 0, 0, 7, 0, 0, 0, 0, 3, 0, 0], [0, 0, 0, 0, 0, 7, 0, 0, 0, 0, 3, 0, 0], [0, 0, 0, 0, 0, 4, 0, 0, 0, 0, 4, 0, 0], [0, 0, 0, 0, 0, 0, 0, 0, 0, 0, 0, 0, 0], [0, 0, 0, 0, 0, 0, 0, 0, 0, 0, 0, 0, 0], [0, 0, 0, 0, 0, 0, 0, 0, 0, 0, 0, 0, 0], [0, 0, 0, 0, 0, 7, 7, 0, 3, 0, 0, 0, 0], [0, 0, 0, 0, 0, 7, 7, 3, 3, 0, 0, 0, 0], [0, 0, 0, 0, 0, 0, 7, 0, 3, 0, 0, 0, 0], [0, 0, 0, 0, 0, 0, 0, 0, 0, 0, 0, 0, 0]], "output": [[4, 0, 0, 0, 0, 4], [7, 7, 7, 0, 3, 3], [7, 7, 7, 3, 3, 3], [7, 0, 7, 0, 3, 3], [4, 0, 0, 0, 0, 4]]}]}