{"test": [{"input": [[0, 0, 0, 0, 0, 0, 0, 0, 0, 0, 0, 0, 0], [0, 9, 0, 0, 0, 0, 0, 0, 9, 0, 0, 0, 0], [0, 2, 0, 0, 0, 0, 0, 0, 8, 0, 0, 0, 0], [0, 2, 0, 0, 0, 0, 0, 0, 8, 0, 0, 0, 0], [0, 2, 0, 0, 0, 0, 0, 0, 8, 0, 0, 0, 0], [0, 2, 0, 0, 0, 0, 0, 0, 8, 0, 0, 0, 0], [0, 9, 0, 0, 0, 0, 0, 0, 9, 0, 0, 0, 0], [0, 0, 0, 0, 0, 0, 0, 0, 0, 0, 0, 0, 0], [0, 0, 0, 0, 0, 0, 0, 0, 0, 0, 0, 0, 0], [0, 8, 0, 8, 2, 0, 0, 0, 0, 0, 0, 0, 0], [0, 8, 8, 8, 2, 2, 2, 0, 0, 0, 0, 0, 0], [0, 8, 0, 0, 0, 2, 0, 0, 0, 0, 0, 0, 0], [0, 8, 0, 0, 0, 2, 2, 0, 0, 0, 0, 0, 0]], "output": [[9, 0, 0, 0, 0, 0, 0, 9], [2, 0, 0, 2, 8, 0, 8, 8], [2, 2, 2, 2, 8, 8, 8, 8], [2, 0, 2, 0, 0, 0, 8, 8], [2, 2, 2, 0, 0, 0, 8, 8], [9, 0, 0, 0, 0, 0, 0, 9]]}], "train": [{"input": [[0, 0, 0, 0, 0, 0, 0, 0, 0, 0, 0, 0, 0], [0, 0, 0, 0, 0, 0, 0, 0, 0, 0, 0, 0, 0], [0, 0, 0, 0, 0, 0, 0, 0, 0, 0, 0, 0, 0], [0, 0, 2, 2, 0, 1, 0, 0, 0, 0, 0, 0, 0], [0, 0, 0, 2, 0, 1, 1, 1, 0, 0, 0, 0, 0], [0, 0, 0, 2, 2, 1, 0, 0, 0, 0, 0, 0, 0], [0, 0, 0, 0, 2, 0, 0, 0, 0, 0, 0, 0, 0], [0, 0, 0, 0, 0, 9, 0, 0, 0, 0, 0, 0, 9], [0, 0, 0, 0, 0, 2, 0, 0, 0, 0, 0, 0, 1], [0, 0, 0, 0, 0, 2, 0, 0, 0, 0, 0, 0, 1], [0, 0, 0, 0, 0, 2, 0, 0, 0, 0, 0, 0, 1], [0, 0, 0, 0, 0, 2, 0, 0, 0, 0, 0, 0, 1], [0, 0, 0, 0, 0, 9, 0, 0, 0, 0, 0, 0, 9]], "output": [[9, 0, 0, 0, 0, 0, 0, 9], [2, 2, 2, 0, 1, 0, 0, 1], [2, 0, 2, 0, 1, 1, 1, 1], [2, 0, 2, 2, 1, 0, 0, 1], [2, 0, 0, 2, 0, 0, 0, 1], [9, 0, 0, 0, 0, 0, 0, 9]]}, {"input": [[0, 0, 0, 0, 0, 0, 0, 0, 0, 0, 0, 0, 0], [0, 0, 0, 0, 0, 3, 0, 8, 0, 8, 0, 0, 0], [0, 0, 0, 0, 3, 3, 3, 8, 8, 8, 0, 0, 0], [0, 0, 0, 0, 0, 3, 0, 8, 0, 8, 0, 0, 0], [0, 0, 0, 0, 0, 3, 3, 8, 8, 8, 0, 0, 0], [0, 0, 0, 0, 0, 0, 0, 8, 0, 8, 0, 0, 0], [0, 9, 0, 0, 0, 0, 0, 0, 9, 0, 0, 0, 0], [0, 8, 0, 0, 0, 0, 0, 0, 3, 0, 0, 0, 0], [0, 8, 0, 0, 0, 0, 0, 0, 3, 0, 0, 0, 0], [0, 8, 0, 0, 0, 0, 0, 0, 3, 0, 0, 0, 0], [0, 8, 0, 0, 0, 0, 0, 0, 3, 0, 0, 0, 0], [0, 8, 0, 0, 0, 0, 0, 0, 3, 0, 0, 0, 0], [0, 9, 0, 0, 0, 0, 0, 0, 9, 0, 0, 0, 0]], "output": [[9, 0, 0, 0, 0, 0, 0, 9], [8, 8, 0, 8, 0, 3, 0, 3], [8, 8, 8, 8, 3, 3, 3, 3], [8, 8, 0, 8, 0, 3, 0, 3], [8, 8, 8, 8, 3, 3, 0, 3], [8, 8, 0, 8, 0, 0, 0, 3], [9, 0, 0, 0, 0, 0, 0, 9]]}, {"input": [[0, 0, 0, 0, 0, 0, 0, 0, 0, 0, 0, 0, 0], [0, 0, 9, 0, 0, 0, 0, 9, 0, 0, 0, 0, 0], [0, 0, 2, 0, 0, 0, 0, 1, 0, 0, 0, 0, 0], [0, 0, 2, 0, 0, 0, 0, 1, 0, 0, 0, 0, 0], [0, 0, 9, 0, 0, 0, 0, 9, 0, 0, 0, 0, 0], [0, 0, 0, 0, 0, 0, 0, 0, 0, 0, 0, 0, 0], [0, 0, 0, 0, 0, 0, 0, 0, 0, 0, 0, 0, 0], [0, 0, 0, 0, 0, 0, 0, 0, 0, 0, 0, 0, 0], [0, 0, 0, 0, 0, 0, 0, 0, 0, 0, 0, 0, 0], [0, 0, 0, 1, 1, 2, 0, 0, 0, 0, 0, 0, 0], [0, 0, 0, 0, 1, 2, 2, 0, 0, 0, 0, 0, 0], [0, 0, 0, 0, 0, 0, 0, 0, 0, 0, 0, 0, 0], [0, 0, 0, 0, 0, 0, 0, 0, 0, 0, 0, 0, 0]], "output": [[9, 0, 0, 0, 0, 9], [2, 0, 2, 1, 1, 1], [2, 2, 2, 1, 0, 1], [9, 0, 0, 0, 0, 9]]}, {"input": [[0, 0, 0, 0, 0, 0, 0, 0, 0, 0, 0, 0, 0], [0, 0, 0, 0, 0, 9, 0, 0, 0, 0, 9, 0, 0], [0, 0, 0, 0, 0, 7, 0, 0, 0, 0, 3, 0, 0], [0, 0, 0, 0, 0, 7, 0, 0, 0, 0, 3, 0, 0], [0, 0, 0, 0, 0, 7, 0, 0, 0, 0, 3, 0, 0], [0, 0, 0, 0, 0, 9, 0, 0, 0, 0, 9, 0, 0], [0, 0, 0, 0, 0, 0, 0, 0, 0, 0, 0, 0, 0], [0, 0, 0, 0, 0, 0, 0, 0, 0, 0, 0, 0, 0], [0, 0, 0, 0, 0, 0, 0, 0, 0, 0, 0, 0, 0], [0, 0, 0, 0, 0, 7, 7, 0, 3, 0, 0, 0, 0], [0, 0, 0, 0, 0, 7, 7, 3, 3, 0, 0, 0, 0], [0, 0, 0, 0, 0, 0, 7, 0, 3, 0, 0, 0, 0], [0, 0, 0, 0, 0, 0, 0, 0, 0, 0, 0, 0, 0]], "output": [[9, 0, 0, 0, 0, 9], [7, 7, 7, 0, 3, 3], [7, 7, 7, 3, 3, 3], [7, 0, 7, 0, 3, 3], [9, 0, 0, 0, 0, 9]]}]}