{"test": [{"input": [[0, 0, 0, 0, 0, 0, 0, 0, 0], [0, 7, 0, 0, 0, 0, 0, 0, 0], [0, 0, 0, 0, 0, 0, 0, 0, 0], [0, 0, 0, 0, 7, 0, 0, 0, 0], [0, 0, 0, 0, 0, 0, 0, 0, 0], [0, 0, 0, 0, 0, 0, 0, 7, 0], [0, 0, 0, 0, 0, 0, 0, 0, 0], [0, 0, 7, 0, 0, 0, 0, 0, 0], [0, 0, 0, 0, 0, 0, 0, 0, 0]], "output": [[7, 1, 7, 0, 0, 0, 0, 0, 0], [1, 0, 1, 0, 0, 0, 0, 0, 0], [7, 1, 7, 7, 1, 7, 0, 0, 0], [0, 0, 0, 1, 0, 1, 0, 0, 0], [0, 0, 0, 7, 1, 7, 7, 1, 7], [0, 0, 0, 0, 0, 0, 1, 0, 1], [0, 7, 1, 7, 0, 0, 7, 1, 7], [0, 1, 0, 1, 0, 0, 0, 0, 0], [0, 7, 1, 7, 0, 0, 0, 0, 0]]}], "train": [{"input": [[0, 0, 0, 0, 0, 0, 0, 0, 0], [0, 0, 0, 0, 0, 0, 0, 0, 0], [0, 0, 0, 7, 0, 0, 0, 0, 0], [0, 0, 0, 0, 0, 0, 0, 0, 0], [0, 0, 0, 0, 0, 0, 0, 0, 0], [0, 0, 0, 0, 0, 0, 7, 0, 0], [0, 0, 0, 0, 0, 0, 0, 0, 0], [0, 0, 7, 0, 0, 0, 0, 0, 0], [0, 0, 0, 0, 0, 0, 0, 0, 0]], "output": [[0, 0, 0, 0, 0, 0, 0, 0, 0], [0, 0, 7, 1, 7, 0, 0, 0, 0], [0, 0, 1, 0, 1, 0, 0, 0, 0], [0, 0, 7, 1, 7, 0, 0, 0, 0], [0, 0, 0, 0, 0, 7, 1, 7, 0], [0, 0, 0, 0, 0, 1, 0, 1, 0], [0, 7, 1, 7, 0, 7, 1, 7, 0], [0, 1, 0, 1, 0, 0, 0, 0, 0], [0, 7, 1, 7, 0, 0, 0, 0, 0]]}, {"input": [[0, 0, 0, 0, 0, 0, 0, 0, 0], [0, 0, 7, 0, 0, 0, 0, 7, 0], [0, 0, 0, 0, 0, 0, 0, 0, 0], [0, 0, 0, 0, 0, 0, 0, 0, 0], [0, 0, 0, 0, 0, 0, 0, 0, 0], [0, 0, 7, 0, 0, 0, 0, 0, 0], [0, 0, 0, 0, 0, 0, 0, 0, 0], [0, 0, 0, 0, 0, 0, 7, 0, 0], [0, 0, 0, 0, 0, 0, 0, 0, 0]], "output": [[0, 7, 1, 7, 0, 0, 7, 1, 7], [0, 1, 0, 1, 0, 0, 1, 0, 1], [0, 7, 1, 7, 0, 0, 7, 1, 7], [0, 0, 0, 0, 0, 0, 0, 0, 0], [0, 7, 1, 7, 0, 0, 0, 0, 0], [0, 1, 0, 1, 0, 0, 0, 0, 0], [0, 7, 1, 7, 0, 7, 1, 7, 0], [0, 0, 0, 0, 0, 1, 0, 1, 0], [0, 0, 0, 0, 0, 7, 1, 7, 0]]}]}