{"test": [{"input": [[0, 0, 0, 0, 0, 0, 0, 0, 0], [0, 5, 0, 0, 0, 0, 0, 0, 0], [0, 0, 0, 0, 0, 0, 0, 0, 0], [0, 0, 0, 0, 5, 0, 0, 0, 0], [0, 0, 0, 0, 0, 0, 0, 0, 0], [0, 0, 0, 0, 0, 0, 0, 5, 0], [0, 0, 0, 0, 0, 0, 0, 0, 0], [0, 0, 5, 0, 0, 0, 0, 0, 0], [0, 0, 0, 0, 0, 0, 0, 0, 0]], "output": [[5, 4, 5, 0, 0, 0, 0, 0, 0], [4, 0, 4, 0, 0, 0, 0, 0, 0], [5, 4, 5, 5, 4, 5, 0, 0, 0], [0, 0, 0, 4, 0, 4, 0, 0, 0], [0, 0, 0, 5, 4, 5, 5, 4, 5], [0, 0, 0, 0, 0, 0, 4, 0, 4], [0, 5, 4, 5, 0, 0, 5, 4, 5], [0, 4, 0, 4, 0, 0, 0, 0, 0], [0, 5, 4, 5, 0, 0, 0, 0, 0]]}], "train": [{"input": [[0, 0, 0, 0, 0, 0, 0, 0, 0], [0, 0, 0, 0, 0, 0, 0, 0, 0], [0, 0, 0, 5, 0, 0, 0, 0, 0], [0, 0, 0, 0, 0, 0, 0, 0, 0], [0, 0, 0, 0, 0, 0, 0, 0, 0], [0, 0, 0, 0, 0, 0, 5, 0, 0], [0, 0, 0, 0, 0, 0, 0, 0, 0], [0, 0, 5, 0, 0, 0, 0, 0, 0], [0, 0, 0, 0, 0, 0, 0, 0, 0]], "output": [[0, 0, 0, 0, 0, 0, 0, 0, 0], [0, 0, 5, 4, 5, 0, 0, 0, 0], [0, 0, 4, 0, 4, 0, 0, 0, 0], [0, 0, 5, 4, 5, 0, 0, 0, 0], [0, 0, 0, 0, 0, 5, 4, 5, 0], [0, 0, 0, 0, 0, 4, 0, 4, 0], [0, 5, 4, 5, 0, 5, 4, 5, 0], [0, 4, 0, 4, 0, 0, 0, 0, 0], [0, 5, 4, 5, 0, 0, 0, 0, 0]]}, {"input": [[0, 0, 0, 0, 0, 0, 0, 0, 0], [0, 0, 5, 0, 0, 0, 0, 5, 0], [0, 0, 0, 0, 0, 0, 0, 0, 0], [0, 0, 0, 0, 0, 0, 0, 0, 0], [0, 0, 0, 0, 0, 0, 0, 0, 0], [0, 0, 5, 0, 0, 0, 0, 0, 0], [0, 0, 0, 0, 0, 0, 0, 0, 0], [0, 0, 0, 0, 0, 0, 5, 0, 0], [0, 0, 0, 0, 0, 0, 0, 0, 0]], "output": [[0, 5, 4, 5, 0, 0, 5, 4, 5], [0, 4, 0, 4, 0, 0, 4, 0, 4], [0, 5, 4, 5, 0, 0, 5, 4, 5], [0, 0, 0, 0, 0, 0, 0, 0, 0], [0, 5, 4, 5, 0, 0, 0, 0, 0], [0, 4, 0, 4, 0, 0, 0, 0, 0], [0, 5, 4, 5, 0, 5, 4, 5, 0], [0, 0, 0, 0, 0, 4, 0, 4, 0], [0, 0, 0, 0, 0, 5, 4, 5, 0]]}]}