{"test": [{"input": [[0, 0, 0, 0, 0, 0, 0, 0, 0], [0, 6, 0, 0, 0, 0, 0, 0, 0], [0, 0, 0, 0, 0, 0, 0, 0, 0], [0, 0, 0, 0, 6, 0, 0, 0, 0], [0, 0, 0, 0, 0, 0, 0, 0, 0], [0, 0, 0, 0, 0, 0, 0, 6, 0], [0, 0, 0, 0, 0, 0, 0, 0, 0], [0, 0, 6, 0, 0, 0, 0, 0, 0], [0, 0, 0, 0, 0, 0, 0, 0, 0]], "output": [[6, 1, 6, 0, 0, 0, 0, 0, 0], [1, 0, 1, 0, 0, 0, 0, 0, 0], [6, 1, 6, 6, 1, 6, 0, 0, 0], [0, 0, 0, 1, 0, 1, 0, 0, 0], [0, 0, 0, 6, 1, 6, 6, 1, 6], [0, 0, 0, 0, 0, 0, 1, 0, 1], [0, 6, 1, 6, 0, 0, 6, 1, 6], [0, 1, 0, 1, 0, 0, 0, 0, 0], [0, 6, 1, 6, 0, 0, 0, 0, 0]]}], "train": [{"input": [[0, 0, 0, 0, 0, 0, 0, 0, 0], [0, 0, 0, 0, 0, 0, 0, 0, 0], [0, 0, 0, 6, 0, 0, 0, 0, 0], [0, 0, 0, 0, 0, 0, 0, 0, 0], [0, 0, 0, 0, 0, 0, 0, 0, 0], [0, 0, 0, 0, 0, 0, 6, 0, 0], [0, 0, 0, 0, 0, 0, 0, 0, 0], [0, 0, 6, 0, 0, 0, 0, 0, 0], [0, 0, 0, 0, 0, 0, 0, 0, 0]], "output": [[0, 0, 0, 0, 0, 0, 0, 0, 0], [0, 0, 6, 1, 6, 0, 0, 0, 0], [0, 0, 1, 0, 1, 0, 0, 0, 0], [0, 0, 6, 1, 6, 0, 0, 0, 0], [0, 0, 0, 0, 0, 6, 1, 6, 0], [0, 0, 0, 0, 0, 1, 0, 1, 0], [0, 6, 1, 6, 0, 6, 1, 6, 0], [0, 1, 0, 1, 0, 0, 0, 0, 0], [0, 6, 1, 6, 0, 0, 0, 0, 0]]}, {"input": [[0, 0, 0, 0, 0, 0, 0, 0, 0], [0, 0, 6, 0, 0, 0, 0, 6, 0], [0, 0, 0, 0, 0, 0, 0, 0, 0], [0, 0, 0, 0, 0, 0, 0, 0, 0], [0, 0, 0, 0, 0, 0, 0, 0, 0], [0, 0, 6, 0, 0, 0, 0, 0, 0], [0, 0, 0, 0, 0, 0, 0, 0, 0], [0, 0, 0, 0, 0, 0, 6, 0, 0], [0, 0, 0, 0, 0, 0, 0, 0, 0]], "output": [[0, 6, 1, 6, 0, 0, 6, 1, 6], [0, 1, 0, 1, 0, 0, 1, 0, 1], [0, 6, 1, 6, 0, 0, 6, 1, 6], [0, 0, 0, 0, 0, 0, 0, 0, 0], [0, 6, 1, 6, 0, 0, 0, 0, 0], [0, 1, 0, 1, 0, 0, 0, 0, 0], [0, 6, 1, 6, 0, 6, 1, 6, 0], [0, 0, 0, 0, 0, 1, 0, 1, 0], [0, 0, 0, 0, 0, 6, 1, 6, 0]]}]}