{"test": [{"input": [[0, 0, 0, 0, 0, 0, 0, 0, 0], [0, 5, 0, 0, 0, 0, 0, 0, 0], [0, 0, 0, 0, 0, 0, 0, 0, 0], [0, 0, 0, 0, 5, 0, 0, 0, 0], [0, 0, 0, 0, 0, 0, 0, 0, 0], [0, 0, 0, 0, 0, 0, 0, 5, 0], [0, 0, 0, 0, 0, 0, 0, 0, 0], [0, 0, 5, 0, 0, 0, 0, 0, 0], [0, 0, 0, 0, 0, 0, 0, 0, 0]], "output": [[5, 6, 5, 0, 0, 0, 0, 0, 0], [6, 0, 6, 0, 0, 0, 0, 0, 0], [5, 6, 5, 5, 6, 5, 0, 0, 0], [0, 0, 0, 6, 0, 6, 0, 0, 0], [0, 0, 0, 5, 6, 5, 5, 6, 5], [0, 0, 0, 0, 0, 0, 6, 0, 6], [0, 5, 6, 5, 0, 0, 5, 6, 5], [0, 6, 0, 6, 0, 0, 0, 0, 0], [0, 5, 6, 5, 0, 0, 0, 0, 0]]}], "train": [{"input": [[0, 0, 0, 0, 0, 0, 0, 0, 0], [0, 0, 0, 0, 0, 0, 0, 0, 0], [0, 0, 0, 5, 0, 0, 0, 0, 0], [0, 0, 0, 0, 0, 0, 0, 0, 0], [0, 0, 0, 0, 0, 0, 0, 0, 0], [0, 0, 0, 0, 0, 0, 5, 0, 0], [0, 0, 0, 0, 0, 0, 0, 0, 0], [0, 0, 5, 0, 0, 0, 0, 0, 0], [0, 0, 0, 0, 0, 0, 0, 0, 0]], "output": [[0, 0, 0, 0, 0, 0, 0, 0, 0], [0, 0, 5, 6, 5, 0, 0, 0, 0], [0, 0, 6, 0, 6, 0, 0, 0, 0], [0, 0, 5, 6, 5, 0, 0, 0, 0], [0, 0, 0, 0, 0, 5, 6, 5, 0], [0, 0, 0, 0, 0, 6, 0, 6, 0], [0, 5, 6, 5, 0, 5, 6, 5, 0], [0, 6, 0, 6, 0, 0, 0, 0, 0], [0, 5, 6, 5, 0, 0, 0, 0, 0]]}, {"input": [[0, 0, 0, 0, 0, 0, 0, 0, 0], [0, 0, 5, 0, 0, 0, 0, 5, 0], [0, 0, 0, 0, 0, 0, 0, 0, 0], [0, 0, 0, 0, 0, 0, 0, 0, 0], [0, 0, 0, 0, 0, 0, 0, 0, 0], [0, 0, 5, 0, 0, 0, 0, 0, 0], [0, 0, 0, 0, 0, 0, 0, 0, 0], [0, 0, 0, 0, 0, 0, 5, 0, 0], [0, 0, 0, 0, 0, 0, 0, 0, 0]], "output": [[0, 5, 6, 5, 0, 0, 5, 6, 5], [0, 6, 0, 6, 0, 0, 6, 0, 6], [0, 5, 6, 5, 0, 0, 5, 6, 5], [0, 0, 0, 0, 0, 0, 0, 0, 0], [0, 5, 6, 5, 0, 0, 0, 0, 0], [0, 6, 0, 6, 0, 0, 0, 0, 0], [0, 5, 6, 5, 0, 5, 6, 5, 0], [0, 0, 0, 0, 0, 6, 0, 6, 0], [0, 0, 0, 0, 0, 5, 6, 5, 0]]}]}