{"test": [{"input": [[0, 0, 0, 0, 0, 0, 0, 0, 0], [0, 4, 0, 0, 0, 0, 0, 0, 0], [0, 0, 0, 0, 0, 0, 0, 0, 0], [0, 0, 0, 0, 4, 0, 0, 0, 0], [0, 0, 0, 0, 0, 0, 0, 0, 0], [0, 0, 0, 0, 0, 0, 0, 4, 0], [0, 0, 0, 0, 0, 0, 0, 0, 0], [0, 0, 4, 0, 0, 0, 0, 0, 0], [0, 0, 0, 0, 0, 0, 0, 0, 0]], "output": [[4, 1, 4, 0, 0, 0, 0, 0, 0], [1, 0, 1, 0, 0, 0, 0, 0, 0], [4, 1, 4, 4, 1, 4, 0, 0, 0], [0, 0, 0, 1, 0, 1, 0, 0, 0], [0, 0, 0, 4, 1, 4, 4, 1, 4], [0, 0, 0, 0, 0, 0, 1, 0, 1], [0, 4, 1, 4, 0, 0, 4, 1, 4], [0, 1, 0, 1, 0, 0, 0, 0, 0], [0, 4, 1, 4, 0, 0, 0, 0, 0]]}], "train": [{"input": [[0, 0, 0, 0, 0, 0, 0, 0, 0], [0, 0, 0, 0, 0, 0, 0, 0, 0], [0, 0, 0, 4, 0, 0, 0, 0, 0], [0, 0, 0, 0, 0, 0, 0, 0, 0], [0, 0, 0, 0, 0, 0, 0, 0, 0], [0, 0, 0, 0, 0, 0, 4, 0, 0], [0, 0, 0, 0, 0, 0, 0, 0, 0], [0, 0, 4, 0, 0, 0, 0, 0, 0], [0, 0, 0, 0, 0, 0, 0, 0, 0]], "output": [[0, 0, 0, 0, 0, 0, 0, 0, 0], [0, 0, 4, 1, 4, 0, 0, 0, 0], [0, 0, 1, 0, 1, 0, 0, 0, 0], [0, 0, 4, 1, 4, 0, 0, 0, 0], [0, 0, 0, 0, 0, 4, 1, 4, 0], [0, 0, 0, 0, 0, 1, 0, 1, 0], [0, 4, 1, 4, 0, 4, 1, 4, 0], [0, 1, 0, 1, 0, 0, 0, 0, 0], [0, 4, 1, 4, 0, 0, 0, 0, 0]]}, {"input": [[0, 0, 0, 0, 0, 0, 0, 0, 0], [0, 0, 4, 0, 0, 0, 0, 4, 0], [0, 0, 0, 0, 0, 0, 0, 0, 0], [0, 0, 0, 0, 0, 0, 0, 0, 0], [0, 0, 0, 0, 0, 0, 0, 0, 0], [0, 0, 4, 0, 0, 0, 0, 0, 0], [0, 0, 0, 0, 0, 0, 0, 0, 0], [0, 0, 0, 0, 0, 0, 4, 0, 0], [0, 0, 0, 0, 0, 0, 0, 0, 0]], "output": [[0, 4, 1, 4, 0, 0, 4, 1, 4], [0, 1, 0, 1, 0, 0, 1, 0, 1], [0, 4, 1, 4, 0, 0, 4, 1, 4], [0, 0, 0, 0, 0, 0, 0, 0, 0], [0, 4, 1, 4, 0, 0, 0, 0, 0], [0, 1, 0, 1, 0, 0, 0, 0, 0], [0, 4, 1, 4, 0, 4, 1, 4, 0], [0, 0, 0, 0, 0, 1, 0, 1, 0], [0, 0, 0, 0, 0, 4, 1, 4, 0]]}]}