{"test": [{"input": [[0, 0, 0, 0, 0, 0, 0, 0, 0], [0, 3, 0, 0, 0, 0, 0, 0, 0], [0, 0, 0, 0, 0, 0, 0, 0, 0], [0, 0, 0, 0, 3, 0, 0, 0, 0], [0, 0, 0, 0, 0, 0, 0, 0, 0], [0, 0, 0, 0, 0, 0, 0, 3, 0], [0, 0, 0, 0, 0, 0, 0, 0, 0], [0, 0, 3, 0, 0, 0, 0, 0, 0], [0, 0, 0, 0, 0, 0, 0, 0, 0]], "output": [[3, 1, 3, 0, 0, 0, 0, 0, 0], [1, 0, 1, 0, 0, 0, 0, 0, 0], [3, 1, 3, 3, 1, 3, 0, 0, 0], [0, 0, 0, 1, 0, 1, 0, 0, 0], [0, 0, 0, 3, 1, 3, 3, 1, 3], [0, 0, 0, 0, 0, 0, 1, 0, 1], [0, 3, 1, 3, 0, 0, 3, 1, 3], [0, 1, 0, 1, 0, 0, 0, 0, 0], [0, 3, 1, 3, 0, 0, 0, 0, 0]]}], "train": [{"input": [[0, 0, 0, 0, 0, 0, 0, 0, 0], [0, 0, 0, 0, 0, 0, 0, 0, 0], [0, 0, 0, 3, 0, 0, 0, 0, 0], [0, 0, 0, 0, 0, 0, 0, 0, 0], [0, 0, 0, 0, 0, 0, 0, 0, 0], [0, 0, 0, 0, 0, 0, 3, 0, 0], [0, 0, 0, 0, 0, 0, 0, 0, 0], [0, 0, 3, 0, 0, 0, 0, 0, 0], [0, 0, 0, 0, 0, 0, 0, 0, 0]], "output": [[0, 0, 0, 0, 0, 0, 0, 0, 0], [0, 0, 3, 1, 3, 0, 0, 0, 0], [0, 0, 1, 0, 1, 0, 0, 0, 0], [0, 0, 3, 1, 3, 0, 0, 0, 0], [0, 0, 0, 0, 0, 3, 1, 3, 0], [0, 0, 0, 0, 0, 1, 0, 1, 0], [0, 3, 1, 3, 0, 3, 1, 3, 0], [0, 1, 0, 1, 0, 0, 0, 0, 0], [0, 3, 1, 3, 0, 0, 0, 0, 0]]}, {"input": [[0, 0, 0, 0, 0, 0, 0, 0, 0], [0, 0, 3, 0, 0, 0, 0, 3, 0], [0, 0, 0, 0, 0, 0, 0, 0, 0], [0, 0, 0, 0, 0, 0, 0, 0, 0], [0, 0, 0, 0, 0, 0, 0, 0, 0], [0, 0, 3, 0, 0, 0, 0, 0, 0], [0, 0, 0, 0, 0, 0, 0, 0, 0], [0, 0, 0, 0, 0, 0, 3, 0, 0], [0, 0, 0, 0, 0, 0, 0, 0, 0]], "output": [[0, 3, 1, 3, 0, 0, 3, 1, 3], [0, 1, 0, 1, 0, 0, 1, 0, 1], [0, 3, 1, 3, 0, 0, 3, 1, 3], [0, 0, 0, 0, 0, 0, 0, 0, 0], [0, 3, 1, 3, 0, 0, 0, 0, 0], [0, 1, 0, 1, 0, 0, 0, 0, 0], [0, 3, 1, 3, 0, 3, 1, 3, 0], [0, 0, 0, 0, 0, 1, 0, 1, 0], [0, 0, 0, 0, 0, 3, 1, 3, 0]]}]}