{"test": [{"input": [[0, 0, 0, 0, 0, 0, 0, 0, 0], [0, 5, 0, 0, 0, 0, 0, 0, 0], [0, 0, 0, 0, 0, 0, 0, 0, 0], [0, 0, 0, 0, 5, 0, 0, 0, 0], [0, 0, 0, 0, 0, 0, 0, 0, 0], [0, 0, 0, 0, 0, 0, 0, 5, 0], [0, 0, 0, 0, 0, 0, 0, 0, 0], [0, 0, 5, 0, 0, 0, 0, 0, 0], [0, 0, 0, 0, 0, 0, 0, 0, 0]], "output": [[5, 7, 5, 0, 0, 0, 0, 0, 0], [7, 0, 7, 0, 0, 0, 0, 0, 0], [5, 7, 5, 5, 7, 5, 0, 0, 0], [0, 0, 0, 7, 0, 7, 0, 0, 0], [0, 0, 0, 5, 7, 5, 5, 7, 5], [0, 0, 0, 0, 0, 0, 7, 0, 7], [0, 5, 7, 5, 0, 0, 5, 7, 5], [0, 7, 0, 7, 0, 0, 0, 0, 0], [0, 5, 7, 5, 0, 0, 0, 0, 0]]}], "train": [{"input": [[0, 0, 0, 0, 0, 0, 0, 0, 0], [0, 0, 0, 0, 0, 0, 0, 0, 0], [0, 0, 0, 5, 0, 0, 0, 0, 0], [0, 0, 0, 0, 0, 0, 0, 0, 0], [0, 0, 0, 0, 0, 0, 0, 0, 0], [0, 0, 0, 0, 0, 0, 5, 0, 0], [0, 0, 0, 0, 0, 0, 0, 0, 0], [0, 0, 5, 0, 0, 0, 0, 0, 0], [0, 0, 0, 0, 0, 0, 0, 0, 0]], "output": [[0, 0, 0, 0, 0, 0, 0, 0, 0], [0, 0, 5, 7, 5, 0, 0, 0, 0], [0, 0, 7, 0, 7, 0, 0, 0, 0], [0, 0, 5, 7, 5, 0, 0, 0, 0], [0, 0, 0, 0, 0, 5, 7, 5, 0], [0, 0, 0, 0, 0, 7, 0, 7, 0], [0, 5, 7, 5, 0, 5, 7, 5, 0], [0, 7, 0, 7, 0, 0, 0, 0, 0], [0, 5, 7, 5, 0, 0, 0, 0, 0]]}, {"input": [[0, 0, 0, 0, 0, 0, 0, 0, 0], [0, 0, 5, 0, 0, 0, 0, 5, 0], [0, 0, 0, 0, 0, 0, 0, 0, 0], [0, 0, 0, 0, 0, 0, 0, 0, 0], [0, 0, 0, 0, 0, 0, 0, 0, 0], [0, 0, 5, 0, 0, 0, 0, 0, 0], [0, 0, 0, 0, 0, 0, 0, 0, 0], [0, 0, 0, 0, 0, 0, 5, 0, 0], [0, 0, 0, 0, 0, 0, 0, 0, 0]], "output": [[0, 5, 7, 5, 0, 0, 5, 7, 5], [0, 7, 0, 7, 0, 0, 7, 0, 7], [0, 5, 7, 5, 0, 0, 5, 7, 5], [0, 0, 0, 0, 0, 0, 0, 0, 0], [0, 5, 7, 5, 0, 0, 0, 0, 0], [0, 7, 0, 7, 0, 0, 0, 0, 0], [0, 5, 7, 5, 0, 5, 7, 5, 0], [0, 0, 0, 0, 0, 7, 0, 7, 0], [0, 0, 0, 0, 0, 5, 7, 5, 0]]}]}