{"test": [{"input": [[0, 0, 0, 0, 0, 0, 0, 0, 0, 1, 0, 0], [1, 0, 0, 0, 0, 0, 9, 0, 0, 1, 0, 0], [0, 0, 0, 0, 0, 0, 0, 0, 0, 0, 0, 0], [0, 0, 0, 0, 1, 9, 0, 0, 9, 0, 0, 0], [0, 9, 0, 1, 0, 0, 0, 0, 0, 0, 0, 0], [0, 0, 0, 0, 0, 1, 0, 9, 9, 0, 0, 1], [1, 0, 0, 0, 0, 0, 0, 0, 0, 0, 0, 0], [0, 0, 0, 1, 0, 0, 0, 0, 9, 0, 0, 0], [0, 0, 0, 0, 1, 1, 1, 0, 0, 0, 0, 9], [9, 0, 0, 0, 1, 9, 1, 1, 0, 0, 0, 0], [0, 0, 0, 0, 1, 1, 1, 0, 0, 0, 0, 9], [0, 0, 9, 9, 0, 0, 0, 1, 0, 0, 0, 0]], "output": [[9]]}], "train": [{"input": [[2, 0, 0, 0, 0, 2, 0, 0, 2], [0, 9, 9, 9, 0, 0, 0, 0, 0], [0, 9, 2, 9, 0, 0, 2, 0, 0], [0, 9, 9, 9, 0, 0, 0, 2, 0], [2, 0, 0, 0, 0, 2, 0, 0, 0]], "output": [[2]]}, {"input": [[8, 0, 8, 0, 0, 0, 0, 0, 8], [0, 0, 0, 0, 8, 0, 0, 0, 0], [0, 0, 8, 0, 0, 3, 3, 3, 0], [8, 0, 0, 3, 0, 3, 8, 3, 0], [0, 0, 0, 0, 0, 3, 3, 3, 0], [0, 0, 8, 0, 0, 0, 0, 0, 0], [3, 0, 0, 8, 0, 0, 0, 8, 0]], "output": [[8]]}, {"input": [[1, 2, 0, 0, 0, 2, 0, 0, 0], [0, 0, 2, 0, 0, 0, 0, 0, 0], [2, 0, 1, 2, 0, 2, 0, 1, 1], [0, 1, 0, 0, 2, 0, 0, 0, 2], [0, 0, 0, 0, 0, 0, 1, 0, 0], [0, 0, 0, 0, 0, 0, 0, 0, 0], [0, 2, 2, 2, 0, 0, 0, 0, 0], [1, 2, 1, 2, 0, 0, 0, 2, 0], [0, 2, 2, 2, 0, 0, 0, 0, 2], [0, 0, 1, 0, 0, 0, 0, 0, 0], [0, 0, 0, 2, 0, 0, 0, 0, 0]], "output": [[1]]}, {"input": [[0, 8, 0, 0, 0, 0, 0, 0, 0, 0, 3, 8], [3, 0, 0, 0, 0, 0, 0, 8, 0, 3, 0, 0], [0, 3, 3, 8, 0, 0, 0, 0, 0, 0, 0, 8], [0, 0, 0, 3, 8, 0, 0, 0, 0, 0, 0, 0], [3, 0, 0, 0, 0, 0, 0, 0, 0, 0, 8, 0], [0, 0, 0, 3, 8, 0, 0, 0, 0, 0, 0, 0], [0, 3, 0, 0, 0, 0, 0, 0, 0, 0, 0, 0], [0, 0, 0, 3, 3, 3, 0, 0, 8, 0, 3, 0], [0, 0, 3, 3, 8, 3, 0, 0, 0, 0, 0, 0], [0, 0, 0, 3, 3, 3, 0, 0, 0, 0, 0, 0], [0, 0, 3, 0, 0, 0, 0, 0, 0, 0, 0, 0]], "output": [[8]]}]}