{"test": [{"input": [[0, 0, 0, 0, 0, 0, 0, 0, 0, 8, 0, 0], [8, 0, 0, 0, 0, 0, 4, 0, 0, 8, 0, 0], [0, 0, 0, 0, 0, 0, 0, 0, 0, 0, 0, 0], [0, 0, 0, 0, 8, 4, 0, 0, 4, 0, 0, 0], [0, 4, 0, 8, 0, 0, 0, 0, 0, 0, 0, 0], [0, 0, 0, 0, 0, 8, 0, 4, 4, 0, 0, 8], [8, 0, 0, 0, 0, 0, 0, 0, 0, 0, 0, 0], [0, 0, 0, 8, 0, 0, 0, 0, 4, 0, 0, 0], [0, 0, 0, 0, 8, 8, 8, 0, 0, 0, 0, 4], [4, 0, 0, 0, 8, 4, 8, 8, 0, 0, 0, 0], [0, 0, 0, 0, 8, 8, 8, 0, 0, 0, 0, 4], [0, 0, 4, 4, 0, 0, 0, 8, 0, 0, 0, 0]], "output": [[4]]}], "train": [{"input": [[2, 0, 0, 0, 0, 2, 0, 0, 2], [0, 4, 4, 4, 0, 0, 0, 0, 0], [0, 4, 2, 4, 0, 0, 2, 0, 0], [0, 4, 4, 4, 0, 0, 0, 2, 0], [2, 0, 0, 0, 0, 2, 0, 0, 0]], "output": [[2]]}, {"input": [[8, 0, 8, 0, 0, 0, 0, 0, 8], [0, 0, 0, 0, 8, 0, 0, 0, 0], [0, 0, 8, 0, 0, 3, 3, 3, 0], [8, 0, 0, 3, 0, 3, 8, 3, 0], [0, 0, 0, 0, 0, 3, 3, 3, 0], [0, 0, 8, 0, 0, 0, 0, 0, 0], [3, 0, 0, 8, 0, 0, 0, 8, 0]], "output": [[8]]}, {"input": [[8, 2, 0, 0, 0, 2, 0, 0, 0], [0, 0, 2, 0, 0, 0, 0, 0, 0], [2, 0, 8, 2, 0, 2, 0, 8, 8], [0, 8, 0, 0, 2, 0, 0, 0, 2], [0, 0, 0, 0, 0, 0, 8, 0, 0], [0, 0, 0, 0, 0, 0, 0, 0, 0], [0, 2, 2, 2, 0, 0, 0, 0, 0], [8, 2, 8, 2, 0, 0, 0, 2, 0], [0, 2, 2, 2, 0, 0, 0, 0, 2], [0, 0, 8, 0, 0, 0, 0, 0, 0], [0, 0, 0, 2, 0, 0, 0, 0, 0]], "output": [[8]]}, {"input": [[0, 8, 0, 0, 0, 0, 0, 0, 0, 0, 3, 8], [3, 0, 0, 0, 0, 0, 0, 8, 0, 3, 0, 0], [0, 3, 3, 8, 0, 0, 0, 0, 0, 0, 0, 8], [0, 0, 0, 3, 8, 0, 0, 0, 0, 0, 0, 0], [3, 0, 0, 0, 0, 0, 0, 0, 0, 0, 8, 0], [0, 0, 0, 3, 8, 0, 0, 0, 0, 0, 0, 0], [0, 3, 0, 0, 0, 0, 0, 0, 0, 0, 0, 0], [0, 0, 0, 3, 3, 3, 0, 0, 8, 0, 3, 0], [0, 0, 3, 3, 8, 3, 0, 0, 0, 0, 0, 0], [0, 0, 0, 3, 3, 3, 0, 0, 0, 0, 0, 0], [0, 0, 3, 0, 0, 0, 0, 0, 0, 0, 0, 0]], "output": [[8]]}]}