{"test": [{"input": [[0, 0, 0, 0, 0, 0, 0, 0, 0, 1, 0, 0], [1, 0, 0, 0, 0, 0, 4, 0, 0, 1, 0, 0], [0, 0, 0, 0, 0, 0, 0, 0, 0, 0, 0, 0], [0, 0, 0, 0, 1, 4, 0, 0, 4, 0, 0, 0], [0, 4, 0, 1, 0, 0, 0, 0, 0, 0, 0, 0], [0, 0, 0, 0, 0, 1, 0, 4, 4, 0, 0, 1], [1, 0, 0, 0, 0, 0, 0, 0, 0, 0, 0, 0], [0, 0, 0, 1, 0, 0, 0, 0, 4, 0, 0, 0], [0, 0, 0, 0, 1, 1, 1, 0, 0, 0, 0, 4], [4, 0, 0, 0, 1, 4, 1, 1, 0, 0, 0, 0], [0, 0, 0, 0, 1, 1, 1, 0, 0, 0, 0, 4], [0, 0, 4, 4, 0, 0, 0, 1, 0, 0, 0, 0]], "output": [[4]]}], "train": [{"input": [[6, 0, 0, 0, 0, 6, 0, 0, 6], [0, 4, 4, 4, 0, 0, 0, 0, 0], [0, 4, 6, 4, 0, 0, 6, 0, 0], [0, 4, 4, 4, 0, 0, 0, 6, 0], [6, 0, 0, 0, 0, 6, 0, 0, 0]], "output": [[6]]}, {"input": [[8, 0, 8, 0, 0, 0, 0, 0, 8], [0, 0, 0, 0, 8, 0, 0, 0, 0], [0, 0, 8, 0, 0, 3, 3, 3, 0], [8, 0, 0, 3, 0, 3, 8, 3, 0], [0, 0, 0, 0, 0, 3, 3, 3, 0], [0, 0, 8, 0, 0, 0, 0, 0, 0], [3, 0, 0, 8, 0, 0, 0, 8, 0]], "output": [[8]]}, {"input": [[1, 6, 0, 0, 0, 6, 0, 0, 0], [0, 0, 6, 0, 0, 0, 0, 0, 0], [6, 0, 1, 6, 0, 6, 0, 1, 1], [0, 1, 0, 0, 6, 0, 0, 0, 6], [0, 0, 0, 0, 0, 0, 1, 0, 0], [0, 0, 0, 0, 0, 0, 0, 0, 0], [0, 6, 6, 6, 0, 0, 0, 0, 0], [1, 6, 1, 6, 0, 0, 0, 6, 0], [0, 6, 6, 6, 0, 0, 0, 0, 6], [0, 0, 1, 0, 0, 0, 0, 0, 0], [0, 0, 0, 6, 0, 0, 0, 0, 0]], "output": [[1]]}, {"input": [[0, 8, 0, 0, 0, 0, 0, 0, 0, 0, 3, 8], [3, 0, 0, 0, 0, 0, 0, 8, 0, 3, 0, 0], [0, 3, 3, 8, 0, 0, 0, 0, 0, 0, 0, 8], [0, 0, 0, 3, 8, 0, 0, 0, 0, 0, 0, 0], [3, 0, 0, 0, 0, 0, 0, 0, 0, 0, 8, 0], [0, 0, 0, 3, 8, 0, 0, 0, 0, 0, 0, 0], [0, 3, 0, 0, 0, 0, 0, 0, 0, 0, 0, 0], [0, 0, 0, 3, 3, 3, 0, 0, 8, 0, 3, 0], [0, 0, 3, 3, 8, 3, 0, 0, 0, 0, 0, 0], [0, 0, 0, 3, 3, 3, 0, 0, 0, 0, 0, 0], [0, 0, 3, 0, 0, 0, 0, 0, 0, 0, 0, 0]], "output": [[8]]}]}