{"test": [{"input": [[0, 0, 0, 0, 0, 0, 0, 0, 0, 1, 0, 0], [1, 0, 0, 0, 0, 0, 4, 0, 0, 1, 0, 0], [0, 0, 0, 0, 0, 0, 0, 0, 0, 0, 0, 0], [0, 0, 0, 0, 1, 4, 0, 0, 4, 0, 0, 0], [0, 4, 0, 1, 0, 0, 0, 0, 0, 0, 0, 0], [0, 0, 0, 0, 0, 1, 0, 4, 4, 0, 0, 1], [1, 0, 0, 0, 0, 0, 0, 0, 0, 0, 0, 0], [0, 0, 0, 1, 0, 0, 0, 0, 4, 0, 0, 0], [0, 0, 0, 0, 1, 1, 1, 0, 0, 0, 0, 4], [4, 0, 0, 0, 1, 4, 1, 1, 0, 0, 0, 0], [0, 0, 0, 0, 1, 1, 1, 0, 0, 0, 0, 4], [0, 0, 4, 4, 0, 0, 0, 1, 0, 0, 0, 0]], "output": [[4]]}], "train": [{"input": [[2, 0, 0, 0, 0, 2, 0, 0, 2], [0, 4, 4, 4, 0, 0, 0, 0, 0], [0, 4, 2, 4, 0, 0, 2, 0, 0], [0, 4, 4, 4, 0, 0, 0, 2, 0], [2, 0, 0, 0, 0, 2, 0, 0, 0]], "output": [[2]]}, {"input": [[8, 0, 8, 0, 0, 0, 0, 0, 8], [0, 0, 0, 0, 8, 0, 0, 0, 0], [0, 0, 8, 0, 0, 9, 9, 9, 0], [8, 0, 0, 9, 0, 9, 8, 9, 0], [0, 0, 0, 0, 0, 9, 9, 9, 0], [0, 0, 8, 0, 0, 0, 0, 0, 0], [9, 0, 0, 8, 0, 0, 0, 8, 0]], "output": [[8]]}, {"input": [[1, 2, 0, 0, 0, 2, 0, 0, 0], [0, 0, 2, 0, 0, 0, 0, 0, 0], [2, 0, 1, 2, 0, 2, 0, 1, 1], [0, 1, 0, 0, 2, 0, 0, 0, 2], [0, 0, 0, 0, 0, 0, 1, 0, 0], [0, 0, 0, 0, 0, 0, 0, 0, 0], [0, 2, 2, 2, 0, 0, 0, 0, 0], [1, 2, 1, 2, 0, 0, 0, 2, 0], [0, 2, 2, 2, 0, 0, 0, 0, 2], [0, 0, 1, 0, 0, 0, 0, 0, 0], [0, 0, 0, 2, 0, 0, 0, 0, 0]], "output": [[1]]}, {"input": [[0, 8, 0, 0, 0, 0, 0, 0, 0, 0, 9, 8], [9, 0, 0, 0, 0, 0, 0, 8, 0, 9, 0, 0], [0, 9, 9, 8, 0, 0, 0, 0, 0, 0, 0, 8], [0, 0, 0, 9, 8, 0, 0, 0, 0, 0, 0, 0], [9, 0, 0, 0, 0, 0, 0, 0, 0, 0, 8, 0], [0, 0, 0, 9, 8, 0, 0, 0, 0, 0, 0, 0], [0, 9, 0, 0, 0, 0, 0, 0, 0, 0, 0, 0], [0, 0, 0, 9, 9, 9, 0, 0, 8, 0, 9, 0], [0, 0, 9, 9, 8, 9, 0, 0, 0, 0, 0, 0], [0, 0, 0, 9, 9, 9, 0, 0, 0, 0, 0, 0], [0, 0, 9, 0, 0, 0, 0, 0, 0, 0, 0, 0]], "output": [[8]]}]}