{"test": [{"input": [[0, 0, 0, 0, 0, 0, 0, 0, 0, 1, 0, 0], [1, 0, 0, 0, 0, 0, 4, 0, 0, 1, 0, 0], [0, 0, 0, 0, 0, 0, 0, 0, 0, 0, 0, 0], [0, 0, 0, 0, 1, 4, 0, 0, 4, 0, 0, 0], [0, 4, 0, 1, 0, 0, 0, 0, 0, 0, 0, 0], [0, 0, 0, 0, 0, 1, 0, 4, 4, 0, 0, 1], [1, 0, 0, 0, 0, 0, 0, 0, 0, 0, 0, 0], [0, 0, 0, 1, 0, 0, 0, 0, 4, 0, 0, 0], [0, 0, 0, 0, 1, 1, 1, 0, 0, 0, 0, 4], [4, 0, 0, 0, 1, 4, 1, 1, 0, 0, 0, 0], [0, 0, 0, 0, 1, 1, 1, 0, 0, 0, 0, 4], [0, 0, 4, 4, 0, 0, 0, 1, 0, 0, 0, 0]], "output": [[4]]}], "train": [{"input": [[2, 0, 0, 0, 0, 2, 0, 0, 2], [0, 4, 4, 4, 0, 0, 0, 0, 0], [0, 4, 2, 4, 0, 0, 2, 0, 0], [0, 4, 4, 4, 0, 0, 0, 2, 0], [2, 0, 0, 0, 0, 2, 0, 0, 0]], "output": [[2]]}, {"input": [[5, 0, 5, 0, 0, 0, 0, 0, 5], [0, 0, 0, 0, 5, 0, 0, 0, 0], [0, 0, 5, 0, 0, 3, 3, 3, 0], [5, 0, 0, 3, 0, 3, 5, 3, 0], [0, 0, 0, 0, 0, 3, 3, 3, 0], [0, 0, 5, 0, 0, 0, 0, 0, 0], [3, 0, 0, 5, 0, 0, 0, 5, 0]], "output": [[5]]}, {"input": [[1, 2, 0, 0, 0, 2, 0, 0, 0], [0, 0, 2, 0, 0, 0, 0, 0, 0], [2, 0, 1, 2, 0, 2, 0, 1, 1], [0, 1, 0, 0, 2, 0, 0, 0, 2], [0, 0, 0, 0, 0, 0, 1, 0, 0], [0, 0, 0, 0, 0, 0, 0, 0, 0], [0, 2, 2, 2, 0, 0, 0, 0, 0], [1, 2, 1, 2, 0, 0, 0, 2, 0], [0, 2, 2, 2, 0, 0, 0, 0, 2], [0, 0, 1, 0, 0, 0, 0, 0, 0], [0, 0, 0, 2, 0, 0, 0, 0, 0]], "output": [[1]]}, {"input": [[0, 5, 0, 0, 0, 0, 0, 0, 0, 0, 3, 5], [3, 0, 0, 0, 0, 0, 0, 5, 0, 3, 0, 0], [0, 3, 3, 5, 0, 0, 0, 0, 0, 0, 0, 5], [0, 0, 0, 3, 5, 0, 0, 0, 0, 0, 0, 0], [3, 0, 0, 0, 0, 0, 0, 0, 0, 0, 5, 0], [0, 0, 0, 3, 5, 0, 0, 0, 0, 0, 0, 0], [0, 3, 0, 0, 0, 0, 0, 0, 0, 0, 0, 0], [0, 0, 0, 3, 3, 3, 0, 0, 5, 0, 3, 0], [0, 0, 3, 3, 5, 3, 0, 0, 0, 0, 0, 0], [0, 0, 0, 3, 3, 3, 0, 0, 0, 0, 0, 0], [0, 0, 3, 0, 0, 0, 0, 0, 0, 0, 0, 0]], "output": [[5]]}]}