{"test": [{"input": [[0, 0, 0, 0, 0, 0, 0, 8, 0, 0, 0, 0, 0, 0, 0, 0, 0, 0], [0, 0, 0, 0, 0, 0, 0, 8, 0, 0, 0, 0, 0, 0, 0, 0, 0, 0], [8, 8, 8, 0, 0, 0, 0, 8, 0, 0, 0, 0, 0, 0, 0, 0, 0, 0], [0, 0, 8, 8, 8, 8, 8, 8, 8, 8, 8, 8, 8, 8, 8, 8, 8, 8], [8, 8, 8, 0, 0, 0, 0, 8, 0, 0, 0, 0, 0, 0, 8, 0, 0, 0], [0, 0, 0, 0, 0, 0, 0, 8, 0, 0, 0, 0, 0, 0, 8, 0, 0, 0], [0, 0, 0, 0, 0, 0, 0, 8, 0, 0, 0, 0, 0, 0, 8, 0, 0, 0], [0, 0, 0, 0, 0, 0, 0, 8, 0, 0, 0, 0, 0, 8, 8, 8, 8, 0], [0, 0, 0, 0, 0, 8, 8, 8, 8, 8, 0, 0, 0, 8, 0, 0, 8, 0], [8, 8, 8, 8, 8, 8, 0, 0, 0, 8, 8, 8, 8, 8, 0, 0, 8, 8], [0, 8, 0, 0, 0, 8, 0, 0, 0, 8, 0, 0, 0, 8, 0, 0, 8, 0], [0, 8, 0, 0, 0, 8, 8, 8, 8, 8, 0, 0, 0, 8, 8, 8, 8, 0], [0, 8, 0, 0, 0, 0, 0, 8, 0, 0, 0, 0, 0, 0, 0, 0, 0, 0], [8, 8, 8, 0, 0, 0, 0, 8, 0, 0, 0, 0, 0, 0, 0, 0, 0, 0], [8, 0, 8, 0, 0, 0, 0, 8, 0, 0, 0, 0, 0, 0, 0, 0, 0, 0], [8, 8, 8, 0, 0, 0, 0, 8, 0, 0, 0, 0, 0, 0, 0, 0, 0, 0]], "output": [[0, 0, 0, 0, 0, 0, 0, 8, 0, 0, 0, 0, 0, 0, 0, 0, 0, 0], [0, 0, 0, 0, 0, 0, 0, 8, 0, 0, 0, 0, 0, 0, 0, 0, 0, 0], [8, 8, 8, 0, 0, 0, 0, 8, 0, 0, 0, 0, 0, 0, 0, 0, 0, 0], [4, 4, 8, 8, 8, 8, 8, 8, 8, 8, 8, 8, 8, 8, 8, 8, 8, 8], [8, 8, 8, 0, 0, 0, 0, 8, 0, 0, 0, 0, 0, 0, 8, 0, 0, 0], [0, 0, 0, 0, 0, 0, 0, 8, 0, 0, 0, 0, 0, 0, 8, 0, 0, 0], [0, 0, 0, 0, 0, 0, 0, 8, 0, 0, 0, 0, 0, 0, 8, 0, 0, 0], [0, 0, 0, 0, 0, 0, 0, 8, 0, 0, 0, 0, 0, 8, 8, 8, 8, 0], [0, 0, 0, 0, 0, 8, 8, 8, 8, 8, 0, 0, 0, 8, 4, 4, 8, 0], [8, 8, 8, 8, 8, 8, 4, 4, 4, 8, 8, 8, 8, 8, 4, 4, 8, 8], [0, 8, 0, 0, 0, 8, 4, 4, 4, 8, 0, 0, 0, 8, 4, 4, 8, 0], [0, 8, 0, 0, 0, 8, 8, 8, 8, 8, 0, 0, 0, 8, 8, 8, 8, 0], [0, 8, 0, 0, 0, 0, 0, 8, 0, 0, 0, 0, 0, 0, 0, 0, 0, 0], [8, 8, 8, 0, 0, 0, 0, 8, 0, 0, 0, 0, 0, 0, 0, 0, 0, 0], [8, 4, 8, 0, 0, 0, 0, 8, 0, 0, 0, 0, 0, 0, 0, 0, 0, 0], [8, 8, 8, 0, 0, 0, 0, 8, 0, 0, 0, 0, 0, 0, 0, 0, 0, 0]]}], "train": [{"input": [[0, 0, 0, 0, 0, 0, 0, 0, 0, 0, 0, 0, 0, 8, 0, 0, 0, 8, 8], [8, 8, 0, 0, 0, 8, 8, 8, 8, 0, 0, 0, 0, 8, 0, 0, 0, 8, 0], [0, 8, 8, 8, 8, 8, 0, 0, 8, 8, 8, 8, 8, 8, 8, 8, 8, 8, 0], [8, 8, 0, 0, 0, 8, 0, 0, 8, 0, 0, 0, 0, 8, 0, 0, 0, 8, 0], [0, 0, 0, 0, 0, 8, 0, 0, 8, 0, 0, 0, 0, 8, 0, 0, 0, 8, 8], [0, 0, 0, 0, 0, 8, 0, 0, 8, 0, 0, 8, 8, 8, 8, 0, 0, 0, 0], [0, 0, 0, 0, 0, 8, 0, 0, 8, 0, 0, 8, 0, 0, 8, 0, 0, 0, 0], [0, 0, 0, 0, 0, 8, 8, 8, 8, 0, 0, 8, 0, 0, 8, 8, 8, 8, 8], [0, 0, 0, 0, 0, 0, 8, 0, 0, 0, 0, 8, 8, 8, 8, 0, 0, 0, 0], [0, 0, 0, 0, 0, 0, 8, 0, 0, 0, 0, 0, 0, 8, 0, 0, 0, 0, 0], [0, 0, 0, 0, 0, 0, 8, 0, 0, 0, 0, 0, 0, 8, 0, 0, 0, 0, 0], [0, 0, 0, 0, 0, 0, 8, 0, 0, 0, 0, 0, 0, 8, 0, 0, 0, 0, 0]], "output": [[0, 0, 0, 0, 0, 0, 0, 0, 0, 0, 0, 0, 0, 8, 0, 0, 0, 8, 8], [8, 8, 0, 0, 0, 8, 8, 8, 8, 0, 0, 0, 0, 8, 0, 0, 0, 8, 4], [4, 8, 8, 8, 8, 8, 4, 4, 8, 8, 8, 8, 8, 8, 8, 8, 8, 8, 4], [8, 8, 0, 0, 0, 8, 4, 4, 8, 0, 0, 0, 0, 8, 0, 0, 0, 8, 4], [0, 0, 0, 0, 0, 8, 4, 4, 8, 0, 0, 0, 0, 8, 0, 0, 0, 8, 8], [0, 0, 0, 0, 0, 8, 4, 4, 8, 0, 0, 8, 8, 8, 8, 0, 0, 0, 0], [0, 0, 0, 0, 0, 8, 4, 4, 8, 0, 0, 8, 4, 4, 8, 0, 0, 0, 0], [0, 0, 0, 0, 0, 8, 8, 8, 8, 0, 0, 8, 4, 4, 8, 8, 8, 8, 8], [0, 0, 0, 0, 0, 0, 8, 0, 0, 0, 0, 8, 8, 8, 8, 0, 0, 0, 0], [0, 0, 0, 0, 0, 0, 8, 0, 0, 0, 0, 0, 0, 8, 0, 0, 0, 0, 0], [0, 0, 0, 0, 0, 0, 8, 0, 0, 0, 0, 0, 0, 8, 0, 0, 0, 0, 0], [0, 0, 0, 0, 0, 0, 8, 0, 0, 0, 0, 0, 0, 8, 0, 0, 0, 0, 0]]}, {"input": [[0, 0, 0, 0, 0, 8, 0, 0, 0, 0, 0, 8, 0, 0, 0, 0], [0, 0, 0, 0, 0, 8, 0, 0, 0, 0, 0, 8, 0, 0, 0, 0], [0, 0, 0, 0, 0, 8, 0, 0, 0, 0, 0, 8, 0, 0, 0, 0], [0, 0, 0, 0, 0, 8, 0, 0, 0, 0, 0, 8, 0, 0, 0, 0], [0, 0, 0, 8, 8, 8, 8, 8, 0, 0, 0, 8, 0, 0, 8, 8], [0, 0, 0, 8, 0, 0, 0, 8, 0, 0, 0, 8, 0, 0, 8, 0], [0, 0, 0, 8, 0, 0, 0, 8, 8, 8, 8, 8, 8, 8, 8, 0], [0, 0, 0, 8, 0, 0, 0, 8, 0, 0, 0, 0, 0, 0, 8, 0], [0, 0, 0, 8, 8, 8, 8, 8, 0, 0, 0, 0, 0, 0, 8, 8], [0, 0, 0, 0, 0, 8, 0, 0, 0, 0, 0, 0, 0, 0, 0, 0], [0, 0, 0, 0, 0, 8, 0, 0, 0, 0, 0, 0, 0, 0, 0, 0], [8, 8, 8, 8, 8, 8, 0, 0, 0, 0, 0, 0, 0, 0, 0, 0], [0, 0, 0, 0, 0, 8, 0, 0, 0, 0, 0, 0, 0, 0, 0, 0]], "output": [[0, 0, 0, 0, 0, 8, 0, 0, 0, 0, 0, 8, 0, 0, 0, 0], [0, 0, 0, 0, 0, 8, 0, 0, 0, 0, 0, 8, 0, 0, 0, 0], [0, 0, 0, 0, 0, 8, 0, 0, 0, 0, 0, 8, 0, 0, 0, 0], [0, 0, 0, 0, 0, 8, 0, 0, 0, 0, 0, 8, 0, 0, 0, 0], [0, 0, 0, 8, 8, 8, 8, 8, 0, 0, 0, 8, 0, 0, 8, 8], [0, 0, 0, 8, 4, 4, 4, 8, 0, 0, 0, 8, 0, 0, 8, 4], [0, 0, 0, 8, 4, 4, 4, 8, 8, 8, 8, 8, 8, 8, 8, 4], [0, 0, 0, 8, 4, 4, 4, 8, 0, 0, 0, 0, 0, 0, 8, 4], [0, 0, 0, 8, 8, 8, 8, 8, 0, 0, 0, 0, 0, 0, 8, 8], [0, 0, 0, 0, 0, 8, 0, 0, 0, 0, 0, 0, 0, 0, 0, 0], [0, 0, 0, 0, 0, 8, 0, 0, 0, 0, 0, 0, 0, 0, 0, 0], [8, 8, 8, 8, 8, 8, 0, 0, 0, 0, 0, 0, 0, 0, 0, 0], [0, 0, 0, 0, 0, 8, 0, 0, 0, 0, 0, 0, 0, 0, 0, 0]]}, {"input": [[0, 0, 0, 0, 0, 8, 0, 0, 0, 0, 0, 0, 0, 0, 0, 0, 0], [0, 0, 0, 0, 0, 8, 0, 0, 0, 0, 0, 8, 8, 8, 8, 8, 0], [8, 8, 8, 8, 8, 8, 8, 8, 8, 8, 8, 8, 0, 0, 0, 8, 0], [0, 0, 0, 0, 0, 8, 0, 0, 0, 0, 0, 8, 0, 0, 0, 8, 8], [0, 0, 0, 8, 8, 8, 8, 0, 0, 0, 0, 8, 0, 0, 0, 8, 0], [8, 8, 8, 8, 0, 0, 8, 0, 0, 0, 0, 8, 8, 8, 8, 8, 0], [0, 0, 0, 8, 0, 0, 8, 0, 0, 0, 0, 0, 8, 0, 0, 0, 0], [0, 0, 0, 8, 0, 0, 8, 0, 0, 0, 0, 0, 8, 0, 0, 0, 0], [0, 0, 0, 8, 8, 8, 8, 0, 0, 0, 0, 0, 8, 0, 0, 0, 0], [0, 0, 0, 0, 0, 8, 0, 0, 0, 0, 0, 0, 8, 0, 0, 0, 0], [0, 0, 0, 0, 0, 8, 0, 0, 0, 0, 8, 8, 8, 8, 0, 0, 0], [8, 8, 8, 8, 8, 8, 8, 8, 8, 8, 8, 0, 0, 8, 0, 0, 0], [0, 0, 0, 0, 0, 8, 0, 0, 0, 0, 8, 0, 0, 8, 0, 0, 0], [0, 0, 0, 0, 0, 8, 0, 0, 0, 0, 8, 8, 8, 8, 0, 0, 0], [0, 0, 0, 0, 0, 8, 0, 0, 0, 0, 0, 0, 8, 0, 0, 0, 0]], "output": [[0, 0, 0, 0, 0, 8, 0, 0, 0, 0, 0, 0, 0, 0, 0, 0, 0], [0, 0, 0, 0, 0, 8, 0, 0, 0, 0, 0, 8, 8, 8, 8, 8, 0], [8, 8, 8, 8, 8, 8, 8, 8, 8, 8, 8, 8, 4, 4, 4, 8, 0], [0, 0, 0, 0, 0, 8, 0, 0, 0, 0, 0, 8, 4, 4, 4, 8, 8], [0, 0, 0, 8, 8, 8, 8, 0, 0, 0, 0, 8, 4, 4, 4, 8, 0], [8, 8, 8, 8, 4, 4, 8, 0, 0, 0, 0, 8, 8, 8, 8, 8, 0], [0, 0, 0, 8, 4, 4, 8, 0, 0, 0, 0, 0, 8, 0, 0, 0, 0], [0, 0, 0, 8, 4, 4, 8, 0, 0, 0, 0, 0, 8, 0, 0, 0, 0], [0, 0, 0, 8, 8, 8, 8, 0, 0, 0, 0, 0, 8, 0, 0, 0, 0], [0, 0, 0, 0, 0, 8, 0, 0, 0, 0, 0, 0, 8, 0, 0, 0, 0], [0, 0, 0, 0, 0, 8, 0, 0, 0, 0, 8, 8, 8, 8, 0, 0, 0], [8, 8, 8, 8, 8, 8, 8, 8, 8, 8, 8, 4, 4, 8, 0, 0, 0], [0, 0, 0, 0, 0, 8, 0, 0, 0, 0, 8, 4, 4, 8, 0, 0, 0], [0, 0, 0, 0, 0, 8, 0, 0, 0, 0, 8, 8, 8, 8, 0, 0, 0], [0, 0, 0, 0, 0, 8, 0, 0, 0, 0, 0, 0, 8, 0, 0, 0, 0]]}]}