{"test": [{"input": [[0, 0, 0, 0, 0, 0, 0, 5, 0, 0, 0, 0, 0, 0, 0, 0, 0, 0], [0, 0, 0, 0, 0, 0, 0, 5, 0, 0, 0, 0, 0, 0, 0, 0, 0, 0], [5, 5, 5, 0, 0, 0, 0, 5, 0, 0, 0, 0, 0, 0, 0, 0, 0, 0], [0, 0, 5, 5, 5, 5, 5, 5, 5, 5, 5, 5, 5, 5, 5, 5, 5, 5], [5, 5, 5, 0, 0, 0, 0, 5, 0, 0, 0, 0, 0, 0, 5, 0, 0, 0], [0, 0, 0, 0, 0, 0, 0, 5, 0, 0, 0, 0, 0, 0, 5, 0, 0, 0], [0, 0, 0, 0, 0, 0, 0, 5, 0, 0, 0, 0, 0, 0, 5, 0, 0, 0], [0, 0, 0, 0, 0, 0, 0, 5, 0, 0, 0, 0, 0, 5, 5, 5, 5, 0], [0, 0, 0, 0, 0, 5, 5, 5, 5, 5, 0, 0, 0, 5, 0, 0, 5, 0], [5, 5, 5, 5, 5, 5, 0, 0, 0, 5, 5, 5, 5, 5, 0, 0, 5, 5], [0, 5, 0, 0, 0, 5, 0, 0, 0, 5, 0, 0, 0, 5, 0, 0, 5, 0], [0, 5, 0, 0, 0, 5, 5, 5, 5, 5, 0, 0, 0, 5, 5, 5, 5, 0], [0, 5, 0, 0, 0, 0, 0, 5, 0, 0, 0, 0, 0, 0, 0, 0, 0, 0], [5, 5, 5, 0, 0, 0, 0, 5, 0, 0, 0, 0, 0, 0, 0, 0, 0, 0], [5, 0, 5, 0, 0, 0, 0, 5, 0, 0, 0, 0, 0, 0, 0, 0, 0, 0], [5, 5, 5, 0, 0, 0, 0, 5, 0, 0, 0, 0, 0, 0, 0, 0, 0, 0]], "output": [[0, 0, 0, 0, 0, 0, 0, 5, 0, 0, 0, 0, 0, 0, 0, 0, 0, 0], [0, 0, 0, 0, 0, 0, 0, 5, 0, 0, 0, 0, 0, 0, 0, 0, 0, 0], [5, 5, 5, 0, 0, 0, 0, 5, 0, 0, 0, 0, 0, 0, 0, 0, 0, 0], [9, 9, 5, 5, 5, 5, 5, 5, 5, 5, 5, 5, 5, 5, 5, 5, 5, 5], [5, 5, 5, 0, 0, 0, 0, 5, 0, 0, 0, 0, 0, 0, 5, 0, 0, 0], [0, 0, 0, 0, 0, 0, 0, 5, 0, 0, 0, 0, 0, 0, 5, 0, 0, 0], [0, 0, 0, 0, 0, 0, 0, 5, 0, 0, 0, 0, 0, 0, 5, 0, 0, 0], [0, 0, 0, 0, 0, 0, 0, 5, 0, 0, 0, 0, 0, 5, 5, 5, 5, 0], [0, 0, 0, 0, 0, 5, 5, 5, 5, 5, 0, 0, 0, 5, 9, 9, 5, 0], [5, 5, 5, 5, 5, 5, 9, 9, 9, 5, 5, 5, 5, 5, 9, 9, 5, 5], [0, 5, 0, 0, 0, 5, 9, 9, 9, 5, 0, 0, 0, 5, 9, 9, 5, 0], [0, 5, 0, 0, 0, 5, 5, 5, 5, 5, 0, 0, 0, 5, 5, 5, 5, 0], [0, 5, 0, 0, 0, 0, 0, 5, 0, 0, 0, 0, 0, 0, 0, 0, 0, 0], [5, 5, 5, 0, 0, 0, 0, 5, 0, 0, 0, 0, 0, 0, 0, 0, 0, 0], [5, 9, 5, 0, 0, 0, 0, 5, 0, 0, 0, 0, 0, 0, 0, 0, 0, 0], [5, 5, 5, 0, 0, 0, 0, 5, 0, 0, 0, 0, 0, 0, 0, 0, 0, 0]]}], "train": [{"input": [[0, 0, 0, 0, 0, 0, 0, 0, 0, 0, 0, 0, 0, 5, 0, 0, 0, 5, 5], [5, 5, 0, 0, 0, 5, 5, 5, 5, 0, 0, 0, 0, 5, 0, 0, 0, 5, 0], [0, 5, 5, 5, 5, 5, 0, 0, 5, 5, 5, 5, 5, 5, 5, 5, 5, 5, 0], [5, 5, 0, 0, 0, 5, 0, 0, 5, 0, 0, 0, 0, 5, 0, 0, 0, 5, 0], [0, 0, 0, 0, 0, 5, 0, 0, 5, 0, 0, 0, 0, 5, 0, 0, 0, 5, 5], [0, 0, 0, 0, 0, 5, 0, 0, 5, 0, 0, 5, 5, 5, 5, 0, 0, 0, 0], [0, 0, 0, 0, 0, 5, 0, 0, 5, 0, 0, 5, 0, 0, 5, 0, 0, 0, 0], [0, 0, 0, 0, 0, 5, 5, 5, 5, 0, 0, 5, 0, 0, 5, 5, 5, 5, 5], [0, 0, 0, 0, 0, 0, 5, 0, 0, 0, 0, 5, 5, 5, 5, 0, 0, 0, 0], [0, 0, 0, 0, 0, 0, 5, 0, 0, 0, 0, 0, 0, 5, 0, 0, 0, 0, 0], [0, 0, 0, 0, 0, 0, 5, 0, 0, 0, 0, 0, 0, 5, 0, 0, 0, 0, 0], [0, 0, 0, 0, 0, 0, 5, 0, 0, 0, 0, 0, 0, 5, 0, 0, 0, 0, 0]], "output": [[0, 0, 0, 0, 0, 0, 0, 0, 0, 0, 0, 0, 0, 5, 0, 0, 0, 5, 5], [5, 5, 0, 0, 0, 5, 5, 5, 5, 0, 0, 0, 0, 5, 0, 0, 0, 5, 9], [9, 5, 5, 5, 5, 5, 9, 9, 5, 5, 5, 5, 5, 5, 5, 5, 5, 5, 9], [5, 5, 0, 0, 0, 5, 9, 9, 5, 0, 0, 0, 0, 5, 0, 0, 0, 5, 9], [0, 0, 0, 0, 0, 5, 9, 9, 5, 0, 0, 0, 0, 5, 0, 0, 0, 5, 5], [0, 0, 0, 0, 0, 5, 9, 9, 5, 0, 0, 5, 5, 5, 5, 0, 0, 0, 0], [0, 0, 0, 0, 0, 5, 9, 9, 5, 0, 0, 5, 9, 9, 5, 0, 0, 0, 0], [0, 0, 0, 0, 0, 5, 5, 5, 5, 0, 0, 5, 9, 9, 5, 5, 5, 5, 5], [0, 0, 0, 0, 0, 0, 5, 0, 0, 0, 0, 5, 5, 5, 5, 0, 0, 0, 0], [0, 0, 0, 0, 0, 0, 5, 0, 0, 0, 0, 0, 0, 5, 0, 0, 0, 0, 0], [0, 0, 0, 0, 0, 0, 5, 0, 0, 0, 0, 0, 0, 5, 0, 0, 0, 0, 0], [0, 0, 0, 0, 0, 0, 5, 0, 0, 0, 0, 0, 0, 5, 0, 0, 0, 0, 0]]}, {"input": [[0, 0, 0, 0, 0, 5, 0, 0, 0, 0, 0, 5, 0, 0, 0, 0], [0, 0, 0, 0, 0, 5, 0, 0, 0, 0, 0, 5, 0, 0, 0, 0], [0, 0, 0, 0, 0, 5, 0, 0, 0, 0, 0, 5, 0, 0, 0, 0], [0, 0, 0, 0, 0, 5, 0, 0, 0, 0, 0, 5, 0, 0, 0, 0], [0, 0, 0, 5, 5, 5, 5, 5, 0, 0, 0, 5, 0, 0, 5, 5], [0, 0, 0, 5, 0, 0, 0, 5, 0, 0, 0, 5, 0, 0, 5, 0], [0, 0, 0, 5, 0, 0, 0, 5, 5, 5, 5, 5, 5, 5, 5, 0], [0, 0, 0, 5, 0, 0, 0, 5, 0, 0, 0, 0, 0, 0, 5, 0], [0, 0, 0, 5, 5, 5, 5, 5, 0, 0, 0, 0, 0, 0, 5, 5], [0, 0, 0, 0, 0, 5, 0, 0, 0, 0, 0, 0, 0, 0, 0, 0], [0, 0, 0, 0, 0, 5, 0, 0, 0, 0, 0, 0, 0, 0, 0, 0], [5, 5, 5, 5, 5, 5, 0, 0, 0, 0, 0, 0, 0, 0, 0, 0], [0, 0, 0, 0, 0, 5, 0, 0, 0, 0, 0, 0, 0, 0, 0, 0]], "output": [[0, 0, 0, 0, 0, 5, 0, 0, 0, 0, 0, 5, 0, 0, 0, 0], [0, 0, 0, 0, 0, 5, 0, 0, 0, 0, 0, 5, 0, 0, 0, 0], [0, 0, 0, 0, 0, 5, 0, 0, 0, 0, 0, 5, 0, 0, 0, 0], [0, 0, 0, 0, 0, 5, 0, 0, 0, 0, 0, 5, 0, 0, 0, 0], [0, 0, 0, 5, 5, 5, 5, 5, 0, 0, 0, 5, 0, 0, 5, 5], [0, 0, 0, 5, 9, 9, 9, 5, 0, 0, 0, 5, 0, 0, 5, 9], [0, 0, 0, 5, 9, 9, 9, 5, 5, 5, 5, 5, 5, 5, 5, 9], [0, 0, 0, 5, 9, 9, 9, 5, 0, 0, 0, 0, 0, 0, 5, 9], [0, 0, 0, 5, 5, 5, 5, 5, 0, 0, 0, 0, 0, 0, 5, 5], [0, 0, 0, 0, 0, 5, 0, 0, 0, 0, 0, 0, 0, 0, 0, 0], [0, 0, 0, 0, 0, 5, 0, 0, 0, 0, 0, 0, 0, 0, 0, 0], [5, 5, 5, 5, 5, 5, 0, 0, 0, 0, 0, 0, 0, 0, 0, 0], [0, 0, 0, 0, 0, 5, 0, 0, 0, 0, 0, 0, 0, 0, 0, 0]]}, {"input": [[0, 0, 0, 0, 0, 5, 0, 0, 0, 0, 0, 0, 0, 0, 0, 0, 0], [0, 0, 0, 0, 0, 5, 0, 0, 0, 0, 0, 5, 5, 5, 5, 5, 0], [5, 5, 5, 5, 5, 5, 5, 5, 5, 5, 5, 5, 0, 0, 0, 5, 0], [0, 0, 0, 0, 0, 5, 0, 0, 0, 0, 0, 5, 0, 0, 0, 5, 5], [0, 0, 0, 5, 5, 5, 5, 0, 0, 0, 0, 5, 0, 0, 0, 5, 0], [5, 5, 5, 5, 0, 0, 5, 0, 0, 0, 0, 5, 5, 5, 5, 5, 0], [0, 0, 0, 5, 0, 0, 5, 0, 0, 0, 0, 0, 5, 0, 0, 0, 0], [0, 0, 0, 5, 0, 0, 5, 0, 0, 0, 0, 0, 5, 0, 0, 0, 0], [0, 0, 0, 5, 5, 5, 5, 0, 0, 0, 0, 0, 5, 0, 0, 0, 0], [0, 0, 0, 0, 0, 5, 0, 0, 0, 0, 0, 0, 5, 0, 0, 0, 0], [0, 0, 0, 0, 0, 5, 0, 0, 0, 0, 5, 5, 5, 5, 0, 0, 0], [5, 5, 5, 5, 5, 5, 5, 5, 5, 5, 5, 0, 0, 5, 0, 0, 0], [0, 0, 0, 0, 0, 5, 0, 0, 0, 0, 5, 0, 0, 5, 0, 0, 0], [0, 0, 0, 0, 0, 5, 0, 0, 0, 0, 5, 5, 5, 5, 0, 0, 0], [0, 0, 0, 0, 0, 5, 0, 0, 0, 0, 0, 0, 5, 0, 0, 0, 0]], "output": [[0, 0, 0, 0, 0, 5, 0, 0, 0, 0, 0, 0, 0, 0, 0, 0, 0], [0, 0, 0, 0, 0, 5, 0, 0, 0, 0, 0, 5, 5, 5, 5, 5, 0], [5, 5, 5, 5, 5, 5, 5, 5, 5, 5, 5, 5, 9, 9, 9, 5, 0], [0, 0, 0, 0, 0, 5, 0, 0, 0, 0, 0, 5, 9, 9, 9, 5, 5], [0, 0, 0, 5, 5, 5, 5, 0, 0, 0, 0, 5, 9, 9, 9, 5, 0], [5, 5, 5, 5, 9, 9, 5, 0, 0, 0, 0, 5, 5, 5, 5, 5, 0], [0, 0, 0, 5, 9, 9, 5, 0, 0, 0, 0, 0, 5, 0, 0, 0, 0], [0, 0, 0, 5, 9, 9, 5, 0, 0, 0, 0, 0, 5, 0, 0, 0, 0], [0, 0, 0, 5, 5, 5, 5, 0, 0, 0, 0, 0, 5, 0, 0, 0, 0], [0, 0, 0, 0, 0, 5, 0, 0, 0, 0, 0, 0, 5, 0, 0, 0, 0], [0, 0, 0, 0, 0, 5, 0, 0, 0, 0, 5, 5, 5, 5, 0, 0, 0], [5, 5, 5, 5, 5, 5, 5, 5, 5, 5, 5, 9, 9, 5, 0, 0, 0], [0, 0, 0, 0, 0, 5, 0, 0, 0, 0, 5, 9, 9, 5, 0, 0, 0], [0, 0, 0, 0, 0, 5, 0, 0, 0, 0, 5, 5, 5, 5, 0, 0, 0], [0, 0, 0, 0, 0, 5, 0, 0, 0, 0, 0, 0, 5, 0, 0, 0, 0]]}]}