{"test": [{"input": [[0, 0, 0, 0, 0, 0, 0, 3, 0, 0, 0, 0, 0, 0, 0, 0, 0, 0], [0, 0, 0, 0, 0, 0, 0, 3, 0, 0, 0, 0, 0, 0, 0, 0, 0, 0], [3, 3, 3, 0, 0, 0, 0, 3, 0, 0, 0, 0, 0, 0, 0, 0, 0, 0], [0, 0, 3, 3, 3, 3, 3, 3, 3, 3, 3, 3, 3, 3, 3, 3, 3, 3], [3, 3, 3, 0, 0, 0, 0, 3, 0, 0, 0, 0, 0, 0, 3, 0, 0, 0], [0, 0, 0, 0, 0, 0, 0, 3, 0, 0, 0, 0, 0, 0, 3, 0, 0, 0], [0, 0, 0, 0, 0, 0, 0, 3, 0, 0, 0, 0, 0, 0, 3, 0, 0, 0], [0, 0, 0, 0, 0, 0, 0, 3, 0, 0, 0, 0, 0, 3, 3, 3, 3, 0], [0, 0, 0, 0, 0, 3, 3, 3, 3, 3, 0, 0, 0, 3, 0, 0, 3, 0], [3, 3, 3, 3, 3, 3, 0, 0, 0, 3, 3, 3, 3, 3, 0, 0, 3, 3], [0, 3, 0, 0, 0, 3, 0, 0, 0, 3, 0, 0, 0, 3, 0, 0, 3, 0], [0, 3, 0, 0, 0, 3, 3, 3, 3, 3, 0, 0, 0, 3, 3, 3, 3, 0], [0, 3, 0, 0, 0, 0, 0, 3, 0, 0, 0, 0, 0, 0, 0, 0, 0, 0], [3, 3, 3, 0, 0, 0, 0, 3, 0, 0, 0, 0, 0, 0, 0, 0, 0, 0], [3, 0, 3, 0, 0, 0, 0, 3, 0, 0, 0, 0, 0, 0, 0, 0, 0, 0], [3, 3, 3, 0, 0, 0, 0, 3, 0, 0, 0, 0, 0, 0, 0, 0, 0, 0]], "output": [[0, 0, 0, 0, 0, 0, 0, 3, 0, 0, 0, 0, 0, 0, 0, 0, 0, 0], [0, 0, 0, 0, 0, 0, 0, 3, 0, 0, 0, 0, 0, 0, 0, 0, 0, 0], [3, 3, 3, 0, 0, 0, 0, 3, 0, 0, 0, 0, 0, 0, 0, 0, 0, 0], [4, 4, 3, 3, 3, 3, 3, 3, 3, 3, 3, 3, 3, 3, 3, 3, 3, 3], [3, 3, 3, 0, 0, 0, 0, 3, 0, 0, 0, 0, 0, 0, 3, 0, 0, 0], [0, 0, 0, 0, 0, 0, 0, 3, 0, 0, 0, 0, 0, 0, 3, 0, 0, 0], [0, 0, 0, 0, 0, 0, 0, 3, 0, 0, 0, 0, 0, 0, 3, 0, 0, 0], [0, 0, 0, 0, 0, 0, 0, 3, 0, 0, 0, 0, 0, 3, 3, 3, 3, 0], [0, 0, 0, 0, 0, 3, 3, 3, 3, 3, 0, 0, 0, 3, 4, 4, 3, 0], [3, 3, 3, 3, 3, 3, 4, 4, 4, 3, 3, 3, 3, 3, 4, 4, 3, 3], [0, 3, 0, 0, 0, 3, 4, 4, 4, 3, 0, 0, 0, 3, 4, 4, 3, 0], [0, 3, 0, 0, 0, 3, 3, 3, 3, 3, 0, 0, 0, 3, 3, 3, 3, 0], [0, 3, 0, 0, 0, 0, 0, 3, 0, 0, 0, 0, 0, 0, 0, 0, 0, 0], [3, 3, 3, 0, 0, 0, 0, 3, 0, 0, 0, 0, 0, 0, 0, 0, 0, 0], [3, 4, 3, 0, 0, 0, 0, 3, 0, 0, 0, 0, 0, 0, 0, 0, 0, 0], [3, 3, 3, 0, 0, 0, 0, 3, 0, 0, 0, 0, 0, 0, 0, 0, 0, 0]]}], "train": [{"input": [[0, 0, 0, 0, 0, 0, 0, 0, 0, 0, 0, 0, 0, 3, 0, 0, 0, 3, 3], [3, 3, 0, 0, 0, 3, 3, 3, 3, 0, 0, 0, 0, 3, 0, 0, 0, 3, 0], [0, 3, 3, 3, 3, 3, 0, 0, 3, 3, 3, 3, 3, 3, 3, 3, 3, 3, 0], [3, 3, 0, 0, 0, 3, 0, 0, 3, 0, 0, 0, 0, 3, 0, 0, 0, 3, 0], [0, 0, 0, 0, 0, 3, 0, 0, 3, 0, 0, 0, 0, 3, 0, 0, 0, 3, 3], [0, 0, 0, 0, 0, 3, 0, 0, 3, 0, 0, 3, 3, 3, 3, 0, 0, 0, 0], [0, 0, 0, 0, 0, 3, 0, 0, 3, 0, 0, 3, 0, 0, 3, 0, 0, 0, 0], [0, 0, 0, 0, 0, 3, 3, 3, 3, 0, 0, 3, 0, 0, 3, 3, 3, 3, 3], [0, 0, 0, 0, 0, 0, 3, 0, 0, 0, 0, 3, 3, 3, 3, 0, 0, 0, 0], [0, 0, 0, 0, 0, 0, 3, 0, 0, 0, 0, 0, 0, 3, 0, 0, 0, 0, 0], [0, 0, 0, 0, 0, 0, 3, 0, 0, 0, 0, 0, 0, 3, 0, 0, 0, 0, 0], [0, 0, 0, 0, 0, 0, 3, 0, 0, 0, 0, 0, 0, 3, 0, 0, 0, 0, 0]], "output": [[0, 0, 0, 0, 0, 0, 0, 0, 0, 0, 0, 0, 0, 3, 0, 0, 0, 3, 3], [3, 3, 0, 0, 0, 3, 3, 3, 3, 0, 0, 0, 0, 3, 0, 0, 0, 3, 4], [4, 3, 3, 3, 3, 3, 4, 4, 3, 3, 3, 3, 3, 3, 3, 3, 3, 3, 4], [3, 3, 0, 0, 0, 3, 4, 4, 3, 0, 0, 0, 0, 3, 0, 0, 0, 3, 4], [0, 0, 0, 0, 0, 3, 4, 4, 3, 0, 0, 0, 0, 3, 0, 0, 0, 3, 3], [0, 0, 0, 0, 0, 3, 4, 4, 3, 0, 0, 3, 3, 3, 3, 0, 0, 0, 0], [0, 0, 0, 0, 0, 3, 4, 4, 3, 0, 0, 3, 4, 4, 3, 0, 0, 0, 0], [0, 0, 0, 0, 0, 3, 3, 3, 3, 0, 0, 3, 4, 4, 3, 3, 3, 3, 3], [0, 0, 0, 0, 0, 0, 3, 0, 0, 0, 0, 3, 3, 3, 3, 0, 0, 0, 0], [0, 0, 0, 0, 0, 0, 3, 0, 0, 0, 0, 0, 0, 3, 0, 0, 0, 0, 0], [0, 0, 0, 0, 0, 0, 3, 0, 0, 0, 0, 0, 0, 3, 0, 0, 0, 0, 0], [0, 0, 0, 0, 0, 0, 3, 0, 0, 0, 0, 0, 0, 3, 0, 0, 0, 0, 0]]}, {"input": [[0, 0, 0, 0, 0, 3, 0, 0, 0, 0, 0, 3, 0, 0, 0, 0], [0, 0, 0, 0, 0, 3, 0, 0, 0, 0, 0, 3, 0, 0, 0, 0], [0, 0, 0, 0, 0, 3, 0, 0, 0, 0, 0, 3, 0, 0, 0, 0], [0, 0, 0, 0, 0, 3, 0, 0, 0, 0, 0, 3, 0, 0, 0, 0], [0, 0, 0, 3, 3, 3, 3, 3, 0, 0, 0, 3, 0, 0, 3, 3], [0, 0, 0, 3, 0, 0, 0, 3, 0, 0, 0, 3, 0, 0, 3, 0], [0, 0, 0, 3, 0, 0, 0, 3, 3, 3, 3, 3, 3, 3, 3, 0], [0, 0, 0, 3, 0, 0, 0, 3, 0, 0, 0, 0, 0, 0, 3, 0], [0, 0, 0, 3, 3, 3, 3, 3, 0, 0, 0, 0, 0, 0, 3, 3], [0, 0, 0, 0, 0, 3, 0, 0, 0, 0, 0, 0, 0, 0, 0, 0], [0, 0, 0, 0, 0, 3, 0, 0, 0, 0, 0, 0, 0, 0, 0, 0], [3, 3, 3, 3, 3, 3, 0, 0, 0, 0, 0, 0, 0, 0, 0, 0], [0, 0, 0, 0, 0, 3, 0, 0, 0, 0, 0, 0, 0, 0, 0, 0]], "output": [[0, 0, 0, 0, 0, 3, 0, 0, 0, 0, 0, 3, 0, 0, 0, 0], [0, 0, 0, 0, 0, 3, 0, 0, 0, 0, 0, 3, 0, 0, 0, 0], [0, 0, 0, 0, 0, 3, 0, 0, 0, 0, 0, 3, 0, 0, 0, 0], [0, 0, 0, 0, 0, 3, 0, 0, 0, 0, 0, 3, 0, 0, 0, 0], [0, 0, 0, 3, 3, 3, 3, 3, 0, 0, 0, 3, 0, 0, 3, 3], [0, 0, 0, 3, 4, 4, 4, 3, 0, 0, 0, 3, 0, 0, 3, 4], [0, 0, 0, 3, 4, 4, 4, 3, 3, 3, 3, 3, 3, 3, 3, 4], [0, 0, 0, 3, 4, 4, 4, 3, 0, 0, 0, 0, 0, 0, 3, 4], [0, 0, 0, 3, 3, 3, 3, 3, 0, 0, 0, 0, 0, 0, 3, 3], [0, 0, 0, 0, 0, 3, 0, 0, 0, 0, 0, 0, 0, 0, 0, 0], [0, 0, 0, 0, 0, 3, 0, 0, 0, 0, 0, 0, 0, 0, 0, 0], [3, 3, 3, 3, 3, 3, 0, 0, 0, 0, 0, 0, 0, 0, 0, 0], [0, 0, 0, 0, 0, 3, 0, 0, 0, 0, 0, 0, 0, 0, 0, 0]]}, {"input": [[0, 0, 0, 0, 0, 3, 0, 0, 0, 0, 0, 0, 0, 0, 0, 0, 0], [0, 0, 0, 0, 0, 3, 0, 0, 0, 0, 0, 3, 3, 3, 3, 3, 0], [3, 3, 3, 3, 3, 3, 3, 3, 3, 3, 3, 3, 0, 0, 0, 3, 0], [0, 0, 0, 0, 0, 3, 0, 0, 0, 0, 0, 3, 0, 0, 0, 3, 3], [0, 0, 0, 3, 3, 3, 3, 0, 0, 0, 0, 3, 0, 0, 0, 3, 0], [3, 3, 3, 3, 0, 0, 3, 0, 0, 0, 0, 3, 3, 3, 3, 3, 0], [0, 0, 0, 3, 0, 0, 3, 0, 0, 0, 0, 0, 3, 0, 0, 0, 0], [0, 0, 0, 3, 0, 0, 3, 0, 0, 0, 0, 0, 3, 0, 0, 0, 0], [0, 0, 0, 3, 3, 3, 3, 0, 0, 0, 0, 0, 3, 0, 0, 0, 0], [0, 0, 0, 0, 0, 3, 0, 0, 0, 0, 0, 0, 3, 0, 0, 0, 0], [0, 0, 0, 0, 0, 3, 0, 0, 0, 0, 3, 3, 3, 3, 0, 0, 0], [3, 3, 3, 3, 3, 3, 3, 3, 3, 3, 3, 0, 0, 3, 0, 0, 0], [0, 0, 0, 0, 0, 3, 0, 0, 0, 0, 3, 0, 0, 3, 0, 0, 0], [0, 0, 0, 0, 0, 3, 0, 0, 0, 0, 3, 3, 3, 3, 0, 0, 0], [0, 0, 0, 0, 0, 3, 0, 0, 0, 0, 0, 0, 3, 0, 0, 0, 0]], "output": [[0, 0, 0, 0, 0, 3, 0, 0, 0, 0, 0, 0, 0, 0, 0, 0, 0], [0, 0, 0, 0, 0, 3, 0, 0, 0, 0, 0, 3, 3, 3, 3, 3, 0], [3, 3, 3, 3, 3, 3, 3, 3, 3, 3, 3, 3, 4, 4, 4, 3, 0], [0, 0, 0, 0, 0, 3, 0, 0, 0, 0, 0, 3, 4, 4, 4, 3, 3], [0, 0, 0, 3, 3, 3, 3, 0, 0, 0, 0, 3, 4, 4, 4, 3, 0], [3, 3, 3, 3, 4, 4, 3, 0, 0, 0, 0, 3, 3, 3, 3, 3, 0], [0, 0, 0, 3, 4, 4, 3, 0, 0, 0, 0, 0, 3, 0, 0, 0, 0], [0, 0, 0, 3, 4, 4, 3, 0, 0, 0, 0, 0, 3, 0, 0, 0, 0], [0, 0, 0, 3, 3, 3, 3, 0, 0, 0, 0, 0, 3, 0, 0, 0, 0], [0, 0, 0, 0, 0, 3, 0, 0, 0, 0, 0, 0, 3, 0, 0, 0, 0], [0, 0, 0, 0, 0, 3, 0, 0, 0, 0, 3, 3, 3, 3, 0, 0, 0], [3, 3, 3, 3, 3, 3, 3, 3, 3, 3, 3, 4, 4, 3, 0, 0, 0], [0, 0, 0, 0, 0, 3, 0, 0, 0, 0, 3, 4, 4, 3, 0, 0, 0], [0, 0, 0, 0, 0, 3, 0, 0, 0, 0, 3, 3, 3, 3, 0, 0, 0], [0, 0, 0, 0, 0, 3, 0, 0, 0, 0, 0, 0, 3, 0, 0, 0, 0]]}]}