{"test": [{"input": [[0, 0, 0, 0, 0, 0, 0, 6, 0, 0, 0, 0, 0, 0, 0, 0, 0, 0], [0, 0, 0, 0, 0, 0, 0, 6, 0, 0, 0, 0, 0, 0, 0, 0, 0, 0], [6, 6, 6, 0, 0, 0, 0, 6, 0, 0, 0, 0, 0, 0, 0, 0, 0, 0], [0, 0, 6, 6, 6, 6, 6, 6, 6, 6, 6, 6, 6, 6, 6, 6, 6, 6], [6, 6, 6, 0, 0, 0, 0, 6, 0, 0, 0, 0, 0, 0, 6, 0, 0, 0], [0, 0, 0, 0, 0, 0, 0, 6, 0, 0, 0, 0, 0, 0, 6, 0, 0, 0], [0, 0, 0, 0, 0, 0, 0, 6, 0, 0, 0, 0, 0, 0, 6, 0, 0, 0], [0, 0, 0, 0, 0, 0, 0, 6, 0, 0, 0, 0, 0, 6, 6, 6, 6, 0], [0, 0, 0, 0, 0, 6, 6, 6, 6, 6, 0, 0, 0, 6, 0, 0, 6, 0], [6, 6, 6, 6, 6, 6, 0, 0, 0, 6, 6, 6, 6, 6, 0, 0, 6, 6], [0, 6, 0, 0, 0, 6, 0, 0, 0, 6, 0, 0, 0, 6, 0, 0, 6, 0], [0, 6, 0, 0, 0, 6, 6, 6, 6, 6, 0, 0, 0, 6, 6, 6, 6, 0], [0, 6, 0, 0, 0, 0, 0, 6, 0, 0, 0, 0, 0, 0, 0, 0, 0, 0], [6, 6, 6, 0, 0, 0, 0, 6, 0, 0, 0, 0, 0, 0, 0, 0, 0, 0], [6, 0, 6, 0, 0, 0, 0, 6, 0, 0, 0, 0, 0, 0, 0, 0, 0, 0], [6, 6, 6, 0, 0, 0, 0, 6, 0, 0, 0, 0, 0, 0, 0, 0, 0, 0]], "output": [[0, 0, 0, 0, 0, 0, 0, 6, 0, 0, 0, 0, 0, 0, 0, 0, 0, 0], [0, 0, 0, 0, 0, 0, 0, 6, 0, 0, 0, 0, 0, 0, 0, 0, 0, 0], [6, 6, 6, 0, 0, 0, 0, 6, 0, 0, 0, 0, 0, 0, 0, 0, 0, 0], [4, 4, 6, 6, 6, 6, 6, 6, 6, 6, 6, 6, 6, 6, 6, 6, 6, 6], [6, 6, 6, 0, 0, 0, 0, 6, 0, 0, 0, 0, 0, 0, 6, 0, 0, 0], [0, 0, 0, 0, 0, 0, 0, 6, 0, 0, 0, 0, 0, 0, 6, 0, 0, 0], [0, 0, 0, 0, 0, 0, 0, 6, 0, 0, 0, 0, 0, 0, 6, 0, 0, 0], [0, 0, 0, 0, 0, 0, 0, 6, 0, 0, 0, 0, 0, 6, 6, 6, 6, 0], [0, 0, 0, 0, 0, 6, 6, 6, 6, 6, 0, 0, 0, 6, 4, 4, 6, 0], [6, 6, 6, 6, 6, 6, 4, 4, 4, 6, 6, 6, 6, 6, 4, 4, 6, 6], [0, 6, 0, 0, 0, 6, 4, 4, 4, 6, 0, 0, 0, 6, 4, 4, 6, 0], [0, 6, 0, 0, 0, 6, 6, 6, 6, 6, 0, 0, 0, 6, 6, 6, 6, 0], [0, 6, 0, 0, 0, 0, 0, 6, 0, 0, 0, 0, 0, 0, 0, 0, 0, 0], [6, 6, 6, 0, 0, 0, 0, 6, 0, 0, 0, 0, 0, 0, 0, 0, 0, 0], [6, 4, 6, 0, 0, 0, 0, 6, 0, 0, 0, 0, 0, 0, 0, 0, 0, 0], [6, 6, 6, 0, 0, 0, 0, 6, 0, 0, 0, 0, 0, 0, 0, 0, 0, 0]]}], "train": [{"input": [[0, 0, 0, 0, 0, 0, 0, 0, 0, 0, 0, 0, 0, 6, 0, 0, 0, 6, 6], [6, 6, 0, 0, 0, 6, 6, 6, 6, 0, 0, 0, 0, 6, 0, 0, 0, 6, 0], [0, 6, 6, 6, 6, 6, 0, 0, 6, 6, 6, 6, 6, 6, 6, 6, 6, 6, 0], [6, 6, 0, 0, 0, 6, 0, 0, 6, 0, 0, 0, 0, 6, 0, 0, 0, 6, 0], [0, 0, 0, 0, 0, 6, 0, 0, 6, 0, 0, 0, 0, 6, 0, 0, 0, 6, 6], [0, 0, 0, 0, 0, 6, 0, 0, 6, 0, 0, 6, 6, 6, 6, 0, 0, 0, 0], [0, 0, 0, 0, 0, 6, 0, 0, 6, 0, 0, 6, 0, 0, 6, 0, 0, 0, 0], [0, 0, 0, 0, 0, 6, 6, 6, 6, 0, 0, 6, 0, 0, 6, 6, 6, 6, 6], [0, 0, 0, 0, 0, 0, 6, 0, 0, 0, 0, 6, 6, 6, 6, 0, 0, 0, 0], [0, 0, 0, 0, 0, 0, 6, 0, 0, 0, 0, 0, 0, 6, 0, 0, 0, 0, 0], [0, 0, 0, 0, 0, 0, 6, 0, 0, 0, 0, 0, 0, 6, 0, 0, 0, 0, 0], [0, 0, 0, 0, 0, 0, 6, 0, 0, 0, 0, 0, 0, 6, 0, 0, 0, 0, 0]], "output": [[0, 0, 0, 0, 0, 0, 0, 0, 0, 0, 0, 0, 0, 6, 0, 0, 0, 6, 6], [6, 6, 0, 0, 0, 6, 6, 6, 6, 0, 0, 0, 0, 6, 0, 0, 0, 6, 4], [4, 6, 6, 6, 6, 6, 4, 4, 6, 6, 6, 6, 6, 6, 6, 6, 6, 6, 4], [6, 6, 0, 0, 0, 6, 4, 4, 6, 0, 0, 0, 0, 6, 0, 0, 0, 6, 4], [0, 0, 0, 0, 0, 6, 4, 4, 6, 0, 0, 0, 0, 6, 0, 0, 0, 6, 6], [0, 0, 0, 0, 0, 6, 4, 4, 6, 0, 0, 6, 6, 6, 6, 0, 0, 0, 0], [0, 0, 0, 0, 0, 6, 4, 4, 6, 0, 0, 6, 4, 4, 6, 0, 0, 0, 0], [0, 0, 0, 0, 0, 6, 6, 6, 6, 0, 0, 6, 4, 4, 6, 6, 6, 6, 6], [0, 0, 0, 0, 0, 0, 6, 0, 0, 0, 0, 6, 6, 6, 6, 0, 0, 0, 0], [0, 0, 0, 0, 0, 0, 6, 0, 0, 0, 0, 0, 0, 6, 0, 0, 0, 0, 0], [0, 0, 0, 0, 0, 0, 6, 0, 0, 0, 0, 0, 0, 6, 0, 0, 0, 0, 0], [0, 0, 0, 0, 0, 0, 6, 0, 0, 0, 0, 0, 0, 6, 0, 0, 0, 0, 0]]}, {"input": [[0, 0, 0, 0, 0, 6, 0, 0, 0, 0, 0, 6, 0, 0, 0, 0], [0, 0, 0, 0, 0, 6, 0, 0, 0, 0, 0, 6, 0, 0, 0, 0], [0, 0, 0, 0, 0, 6, 0, 0, 0, 0, 0, 6, 0, 0, 0, 0], [0, 0, 0, 0, 0, 6, 0, 0, 0, 0, 0, 6, 0, 0, 0, 0], [0, 0, 0, 6, 6, 6, 6, 6, 0, 0, 0, 6, 0, 0, 6, 6], [0, 0, 0, 6, 0, 0, 0, 6, 0, 0, 0, 6, 0, 0, 6, 0], [0, 0, 0, 6, 0, 0, 0, 6, 6, 6, 6, 6, 6, 6, 6, 0], [0, 0, 0, 6, 0, 0, 0, 6, 0, 0, 0, 0, 0, 0, 6, 0], [0, 0, 0, 6, 6, 6, 6, 6, 0, 0, 0, 0, 0, 0, 6, 6], [0, 0, 0, 0, 0, 6, 0, 0, 0, 0, 0, 0, 0, 0, 0, 0], [0, 0, 0, 0, 0, 6, 0, 0, 0, 0, 0, 0, 0, 0, 0, 0], [6, 6, 6, 6, 6, 6, 0, 0, 0, 0, 0, 0, 0, 0, 0, 0], [0, 0, 0, 0, 0, 6, 0, 0, 0, 0, 0, 0, 0, 0, 0, 0]], "output": [[0, 0, 0, 0, 0, 6, 0, 0, 0, 0, 0, 6, 0, 0, 0, 0], [0, 0, 0, 0, 0, 6, 0, 0, 0, 0, 0, 6, 0, 0, 0, 0], [0, 0, 0, 0, 0, 6, 0, 0, 0, 0, 0, 6, 0, 0, 0, 0], [0, 0, 0, 0, 0, 6, 0, 0, 0, 0, 0, 6, 0, 0, 0, 0], [0, 0, 0, 6, 6, 6, 6, 6, 0, 0, 0, 6, 0, 0, 6, 6], [0, 0, 0, 6, 4, 4, 4, 6, 0, 0, 0, 6, 0, 0, 6, 4], [0, 0, 0, 6, 4, 4, 4, 6, 6, 6, 6, 6, 6, 6, 6, 4], [0, 0, 0, 6, 4, 4, 4, 6, 0, 0, 0, 0, 0, 0, 6, 4], [0, 0, 0, 6, 6, 6, 6, 6, 0, 0, 0, 0, 0, 0, 6, 6], [0, 0, 0, 0, 0, 6, 0, 0, 0, 0, 0, 0, 0, 0, 0, 0], [0, 0, 0, 0, 0, 6, 0, 0, 0, 0, 0, 0, 0, 0, 0, 0], [6, 6, 6, 6, 6, 6, 0, 0, 0, 0, 0, 0, 0, 0, 0, 0], [0, 0, 0, 0, 0, 6, 0, 0, 0, 0, 0, 0, 0, 0, 0, 0]]}, {"input": [[0, 0, 0, 0, 0, 6, 0, 0, 0, 0, 0, 0, 0, 0, 0, 0, 0], [0, 0, 0, 0, 0, 6, 0, 0, 0, 0, 0, 6, 6, 6, 6, 6, 0], [6, 6, 6, 6, 6, 6, 6, 6, 6, 6, 6, 6, 0, 0, 0, 6, 0], [0, 0, 0, 0, 0, 6, 0, 0, 0, 0, 0, 6, 0, 0, 0, 6, 6], [0, 0, 0, 6, 6, 6, 6, 0, 0, 0, 0, 6, 0, 0, 0, 6, 0], [6, 6, 6, 6, 0, 0, 6, 0, 0, 0, 0, 6, 6, 6, 6, 6, 0], [0, 0, 0, 6, 0, 0, 6, 0, 0, 0, 0, 0, 6, 0, 0, 0, 0], [0, 0, 0, 6, 0, 0, 6, 0, 0, 0, 0, 0, 6, 0, 0, 0, 0], [0, 0, 0, 6, 6, 6, 6, 0, 0, 0, 0, 0, 6, 0, 0, 0, 0], [0, 0, 0, 0, 0, 6, 0, 0, 0, 0, 0, 0, 6, 0, 0, 0, 0], [0, 0, 0, 0, 0, 6, 0, 0, 0, 0, 6, 6, 6, 6, 0, 0, 0], [6, 6, 6, 6, 6, 6, 6, 6, 6, 6, 6, 0, 0, 6, 0, 0, 0], [0, 0, 0, 0, 0, 6, 0, 0, 0, 0, 6, 0, 0, 6, 0, 0, 0], [0, 0, 0, 0, 0, 6, 0, 0, 0, 0, 6, 6, 6, 6, 0, 0, 0], [0, 0, 0, 0, 0, 6, 0, 0, 0, 0, 0, 0, 6, 0, 0, 0, 0]], "output": [[0, 0, 0, 0, 0, 6, 0, 0, 0, 0, 0, 0, 0, 0, 0, 0, 0], [0, 0, 0, 0, 0, 6, 0, 0, 0, 0, 0, 6, 6, 6, 6, 6, 0], [6, 6, 6, 6, 6, 6, 6, 6, 6, 6, 6, 6, 4, 4, 4, 6, 0], [0, 0, 0, 0, 0, 6, 0, 0, 0, 0, 0, 6, 4, 4, 4, 6, 6], [0, 0, 0, 6, 6, 6, 6, 0, 0, 0, 0, 6, 4, 4, 4, 6, 0], [6, 6, 6, 6, 4, 4, 6, 0, 0, 0, 0, 6, 6, 6, 6, 6, 0], [0, 0, 0, 6, 4, 4, 6, 0, 0, 0, 0, 0, 6, 0, 0, 0, 0], [0, 0, 0, 6, 4, 4, 6, 0, 0, 0, 0, 0, 6, 0, 0, 0, 0], [0, 0, 0, 6, 6, 6, 6, 0, 0, 0, 0, 0, 6, 0, 0, 0, 0], [0, 0, 0, 0, 0, 6, 0, 0, 0, 0, 0, 0, 6, 0, 0, 0, 0], [0, 0, 0, 0, 0, 6, 0, 0, 0, 0, 6, 6, 6, 6, 0, 0, 0], [6, 6, 6, 6, 6, 6, 6, 6, 6, 6, 6, 4, 4, 6, 0, 0, 0], [0, 0, 0, 0, 0, 6, 0, 0, 0, 0, 6, 4, 4, 6, 0, 0, 0], [0, 0, 0, 0, 0, 6, 0, 0, 0, 0, 6, 6, 6, 6, 0, 0, 0], [0, 0, 0, 0, 0, 6, 0, 0, 0, 0, 0, 0, 6, 0, 0, 0, 0]]}]}