{"test": [{"input": [[0, 0, 0, 0, 0, 0, 0, 9, 0, 0, 0, 0, 0, 0, 0, 0, 0, 0], [0, 0, 0, 0, 0, 0, 0, 9, 0, 0, 0, 0, 0, 0, 0, 0, 0, 0], [9, 9, 9, 0, 0, 0, 0, 9, 0, 0, 0, 0, 0, 0, 0, 0, 0, 0], [0, 0, 9, 9, 9, 9, 9, 9, 9, 9, 9, 9, 9, 9, 9, 9, 9, 9], [9, 9, 9, 0, 0, 0, 0, 9, 0, 0, 0, 0, 0, 0, 9, 0, 0, 0], [0, 0, 0, 0, 0, 0, 0, 9, 0, 0, 0, 0, 0, 0, 9, 0, 0, 0], [0, 0, 0, 0, 0, 0, 0, 9, 0, 0, 0, 0, 0, 0, 9, 0, 0, 0], [0, 0, 0, 0, 0, 0, 0, 9, 0, 0, 0, 0, 0, 9, 9, 9, 9, 0], [0, 0, 0, 0, 0, 9, 9, 9, 9, 9, 0, 0, 0, 9, 0, 0, 9, 0], [9, 9, 9, 9, 9, 9, 0, 0, 0, 9, 9, 9, 9, 9, 0, 0, 9, 9], [0, 9, 0, 0, 0, 9, 0, 0, 0, 9, 0, 0, 0, 9, 0, 0, 9, 0], [0, 9, 0, 0, 0, 9, 9, 9, 9, 9, 0, 0, 0, 9, 9, 9, 9, 0], [0, 9, 0, 0, 0, 0, 0, 9, 0, 0, 0, 0, 0, 0, 0, 0, 0, 0], [9, 9, 9, 0, 0, 0, 0, 9, 0, 0, 0, 0, 0, 0, 0, 0, 0, 0], [9, 0, 9, 0, 0, 0, 0, 9, 0, 0, 0, 0, 0, 0, 0, 0, 0, 0], [9, 9, 9, 0, 0, 0, 0, 9, 0, 0, 0, 0, 0, 0, 0, 0, 0, 0]], "output": [[0, 0, 0, 0, 0, 0, 0, 9, 0, 0, 0, 0, 0, 0, 0, 0, 0, 0], [0, 0, 0, 0, 0, 0, 0, 9, 0, 0, 0, 0, 0, 0, 0, 0, 0, 0], [9, 9, 9, 0, 0, 0, 0, 9, 0, 0, 0, 0, 0, 0, 0, 0, 0, 0], [4, 4, 9, 9, 9, 9, 9, 9, 9, 9, 9, 9, 9, 9, 9, 9, 9, 9], [9, 9, 9, 0, 0, 0, 0, 9, 0, 0, 0, 0, 0, 0, 9, 0, 0, 0], [0, 0, 0, 0, 0, 0, 0, 9, 0, 0, 0, 0, 0, 0, 9, 0, 0, 0], [0, 0, 0, 0, 0, 0, 0, 9, 0, 0, 0, 0, 0, 0, 9, 0, 0, 0], [0, 0, 0, 0, 0, 0, 0, 9, 0, 0, 0, 0, 0, 9, 9, 9, 9, 0], [0, 0, 0, 0, 0, 9, 9, 9, 9, 9, 0, 0, 0, 9, 4, 4, 9, 0], [9, 9, 9, 9, 9, 9, 4, 4, 4, 9, 9, 9, 9, 9, 4, 4, 9, 9], [0, 9, 0, 0, 0, 9, 4, 4, 4, 9, 0, 0, 0, 9, 4, 4, 9, 0], [0, 9, 0, 0, 0, 9, 9, 9, 9, 9, 0, 0, 0, 9, 9, 9, 9, 0], [0, 9, 0, 0, 0, 0, 0, 9, 0, 0, 0, 0, 0, 0, 0, 0, 0, 0], [9, 9, 9, 0, 0, 0, 0, 9, 0, 0, 0, 0, 0, 0, 0, 0, 0, 0], [9, 4, 9, 0, 0, 0, 0, 9, 0, 0, 0, 0, 0, 0, 0, 0, 0, 0], [9, 9, 9, 0, 0, 0, 0, 9, 0, 0, 0, 0, 0, 0, 0, 0, 0, 0]]}], "train": [{"input": [[0, 0, 0, 0, 0, 0, 0, 0, 0, 0, 0, 0, 0, 9, 0, 0, 0, 9, 9], [9, 9, 0, 0, 0, 9, 9, 9, 9, 0, 0, 0, 0, 9, 0, 0, 0, 9, 0], [0, 9, 9, 9, 9, 9, 0, 0, 9, 9, 9, 9, 9, 9, 9, 9, 9, 9, 0], [9, 9, 0, 0, 0, 9, 0, 0, 9, 0, 0, 0, 0, 9, 0, 0, 0, 9, 0], [0, 0, 0, 0, 0, 9, 0, 0, 9, 0, 0, 0, 0, 9, 0, 0, 0, 9, 9], [0, 0, 0, 0, 0, 9, 0, 0, 9, 0, 0, 9, 9, 9, 9, 0, 0, 0, 0], [0, 0, 0, 0, 0, 9, 0, 0, 9, 0, 0, 9, 0, 0, 9, 0, 0, 0, 0], [0, 0, 0, 0, 0, 9, 9, 9, 9, 0, 0, 9, 0, 0, 9, 9, 9, 9, 9], [0, 0, 0, 0, 0, 0, 9, 0, 0, 0, 0, 9, 9, 9, 9, 0, 0, 0, 0], [0, 0, 0, 0, 0, 0, 9, 0, 0, 0, 0, 0, 0, 9, 0, 0, 0, 0, 0], [0, 0, 0, 0, 0, 0, 9, 0, 0, 0, 0, 0, 0, 9, 0, 0, 0, 0, 0], [0, 0, 0, 0, 0, 0, 9, 0, 0, 0, 0, 0, 0, 9, 0, 0, 0, 0, 0]], "output": [[0, 0, 0, 0, 0, 0, 0, 0, 0, 0, 0, 0, 0, 9, 0, 0, 0, 9, 9], [9, 9, 0, 0, 0, 9, 9, 9, 9, 0, 0, 0, 0, 9, 0, 0, 0, 9, 4], [4, 9, 9, 9, 9, 9, 4, 4, 9, 9, 9, 9, 9, 9, 9, 9, 9, 9, 4], [9, 9, 0, 0, 0, 9, 4, 4, 9, 0, 0, 0, 0, 9, 0, 0, 0, 9, 4], [0, 0, 0, 0, 0, 9, 4, 4, 9, 0, 0, 0, 0, 9, 0, 0, 0, 9, 9], [0, 0, 0, 0, 0, 9, 4, 4, 9, 0, 0, 9, 9, 9, 9, 0, 0, 0, 0], [0, 0, 0, 0, 0, 9, 4, 4, 9, 0, 0, 9, 4, 4, 9, 0, 0, 0, 0], [0, 0, 0, 0, 0, 9, 9, 9, 9, 0, 0, 9, 4, 4, 9, 9, 9, 9, 9], [0, 0, 0, 0, 0, 0, 9, 0, 0, 0, 0, 9, 9, 9, 9, 0, 0, 0, 0], [0, 0, 0, 0, 0, 0, 9, 0, 0, 0, 0, 0, 0, 9, 0, 0, 0, 0, 0], [0, 0, 0, 0, 0, 0, 9, 0, 0, 0, 0, 0, 0, 9, 0, 0, 0, 0, 0], [0, 0, 0, 0, 0, 0, 9, 0, 0, 0, 0, 0, 0, 9, 0, 0, 0, 0, 0]]}, {"input": [[0, 0, 0, 0, 0, 9, 0, 0, 0, 0, 0, 9, 0, 0, 0, 0], [0, 0, 0, 0, 0, 9, 0, 0, 0, 0, 0, 9, 0, 0, 0, 0], [0, 0, 0, 0, 0, 9, 0, 0, 0, 0, 0, 9, 0, 0, 0, 0], [0, 0, 0, 0, 0, 9, 0, 0, 0, 0, 0, 9, 0, 0, 0, 0], [0, 0, 0, 9, 9, 9, 9, 9, 0, 0, 0, 9, 0, 0, 9, 9], [0, 0, 0, 9, 0, 0, 0, 9, 0, 0, 0, 9, 0, 0, 9, 0], [0, 0, 0, 9, 0, 0, 0, 9, 9, 9, 9, 9, 9, 9, 9, 0], [0, 0, 0, 9, 0, 0, 0, 9, 0, 0, 0, 0, 0, 0, 9, 0], [0, 0, 0, 9, 9, 9, 9, 9, 0, 0, 0, 0, 0, 0, 9, 9], [0, 0, 0, 0, 0, 9, 0, 0, 0, 0, 0, 0, 0, 0, 0, 0], [0, 0, 0, 0, 0, 9, 0, 0, 0, 0, 0, 0, 0, 0, 0, 0], [9, 9, 9, 9, 9, 9, 0, 0, 0, 0, 0, 0, 0, 0, 0, 0], [0, 0, 0, 0, 0, 9, 0, 0, 0, 0, 0, 0, 0, 0, 0, 0]], "output": [[0, 0, 0, 0, 0, 9, 0, 0, 0, 0, 0, 9, 0, 0, 0, 0], [0, 0, 0, 0, 0, 9, 0, 0, 0, 0, 0, 9, 0, 0, 0, 0], [0, 0, 0, 0, 0, 9, 0, 0, 0, 0, 0, 9, 0, 0, 0, 0], [0, 0, 0, 0, 0, 9, 0, 0, 0, 0, 0, 9, 0, 0, 0, 0], [0, 0, 0, 9, 9, 9, 9, 9, 0, 0, 0, 9, 0, 0, 9, 9], [0, 0, 0, 9, 4, 4, 4, 9, 0, 0, 0, 9, 0, 0, 9, 4], [0, 0, 0, 9, 4, 4, 4, 9, 9, 9, 9, 9, 9, 9, 9, 4], [0, 0, 0, 9, 4, 4, 4, 9, 0, 0, 0, 0, 0, 0, 9, 4], [0, 0, 0, 9, 9, 9, 9, 9, 0, 0, 0, 0, 0, 0, 9, 9], [0, 0, 0, 0, 0, 9, 0, 0, 0, 0, 0, 0, 0, 0, 0, 0], [0, 0, 0, 0, 0, 9, 0, 0, 0, 0, 0, 0, 0, 0, 0, 0], [9, 9, 9, 9, 9, 9, 0, 0, 0, 0, 0, 0, 0, 0, 0, 0], [0, 0, 0, 0, 0, 9, 0, 0, 0, 0, 0, 0, 0, 0, 0, 0]]}, {"input": [[0, 0, 0, 0, 0, 9, 0, 0, 0, 0, 0, 0, 0, 0, 0, 0, 0], [0, 0, 0, 0, 0, 9, 0, 0, 0, 0, 0, 9, 9, 9, 9, 9, 0], [9, 9, 9, 9, 9, 9, 9, 9, 9, 9, 9, 9, 0, 0, 0, 9, 0], [0, 0, 0, 0, 0, 9, 0, 0, 0, 0, 0, 9, 0, 0, 0, 9, 9], [0, 0, 0, 9, 9, 9, 9, 0, 0, 0, 0, 9, 0, 0, 0, 9, 0], [9, 9, 9, 9, 0, 0, 9, 0, 0, 0, 0, 9, 9, 9, 9, 9, 0], [0, 0, 0, 9, 0, 0, 9, 0, 0, 0, 0, 0, 9, 0, 0, 0, 0], [0, 0, 0, 9, 0, 0, 9, 0, 0, 0, 0, 0, 9, 0, 0, 0, 0], [0, 0, 0, 9, 9, 9, 9, 0, 0, 0, 0, 0, 9, 0, 0, 0, 0], [0, 0, 0, 0, 0, 9, 0, 0, 0, 0, 0, 0, 9, 0, 0, 0, 0], [0, 0, 0, 0, 0, 9, 0, 0, 0, 0, 9, 9, 9, 9, 0, 0, 0], [9, 9, 9, 9, 9, 9, 9, 9, 9, 9, 9, 0, 0, 9, 0, 0, 0], [0, 0, 0, 0, 0, 9, 0, 0, 0, 0, 9, 0, 0, 9, 0, 0, 0], [0, 0, 0, 0, 0, 9, 0, 0, 0, 0, 9, 9, 9, 9, 0, 0, 0], [0, 0, 0, 0, 0, 9, 0, 0, 0, 0, 0, 0, 9, 0, 0, 0, 0]], "output": [[0, 0, 0, 0, 0, 9, 0, 0, 0, 0, 0, 0, 0, 0, 0, 0, 0], [0, 0, 0, 0, 0, 9, 0, 0, 0, 0, 0, 9, 9, 9, 9, 9, 0], [9, 9, 9, 9, 9, 9, 9, 9, 9, 9, 9, 9, 4, 4, 4, 9, 0], [0, 0, 0, 0, 0, 9, 0, 0, 0, 0, 0, 9, 4, 4, 4, 9, 9], [0, 0, 0, 9, 9, 9, 9, 0, 0, 0, 0, 9, 4, 4, 4, 9, 0], [9, 9, 9, 9, 4, 4, 9, 0, 0, 0, 0, 9, 9, 9, 9, 9, 0], [0, 0, 0, 9, 4, 4, 9, 0, 0, 0, 0, 0, 9, 0, 0, 0, 0], [0, 0, 0, 9, 4, 4, 9, 0, 0, 0, 0, 0, 9, 0, 0, 0, 0], [0, 0, 0, 9, 9, 9, 9, 0, 0, 0, 0, 0, 9, 0, 0, 0, 0], [0, 0, 0, 0, 0, 9, 0, 0, 0, 0, 0, 0, 9, 0, 0, 0, 0], [0, 0, 0, 0, 0, 9, 0, 0, 0, 0, 9, 9, 9, 9, 0, 0, 0], [9, 9, 9, 9, 9, 9, 9, 9, 9, 9, 9, 4, 4, 9, 0, 0, 0], [0, 0, 0, 0, 0, 9, 0, 0, 0, 0, 9, 4, 4, 9, 0, 0, 0], [0, 0, 0, 0, 0, 9, 0, 0, 0, 0, 9, 9, 9, 9, 0, 0, 0], [0, 0, 0, 0, 0, 9, 0, 0, 0, 0, 0, 0, 9, 0, 0, 0, 0]]}]}