{"test": [{"input": [[0, 0, 0, 0, 0, 0, 0, 0, 0], [0, 0, 0, 0, 3, 0, 3, 0, 0], [0, 0, 0, 3, 0, 3, 0, 3, 0], [0, 0, 0, 0, 3, 0, 3, 0, 0], [0, 0, 0, 0, 0, 0, 0, 0, 0], [0, 0, 0, 0, 0, 0, 0, 0, 0], [0, 0, 0, 0, 0, 0, 0, 0, 0], [0, 0, 0, 0, 0, 0, 0, 0, 0], [0, 0, 0, 0, 0, 0, 0, 0, 0]], "output": [[0, 0, 3, 3, 0, 0, 3, 3, 0, 0], [0, 0, 3, 3, 0, 0, 3, 3, 0, 0], [3, 3, 0, 0, 3, 3, 0, 0, 3, 3], [3, 3, 0, 0, 3, 3, 0, 0, 3, 3], [0, 0, 3, 3, 0, 0, 3, 3, 0, 0], [0, 0, 3, 3, 0, 0, 3, 3, 0, 0]]}], "train": [{"input": [[0, 0, 0, 0, 0, 0, 0, 0, 0], [0, 0, 0, 0, 0, 0, 0, 0, 0], [0, 0, 3, 3, 0, 0, 0, 0, 0], [0, 3, 3, 3, 3, 0, 0, 0, 0], [0, 0, 3, 3, 0, 0, 0, 0, 0], [0, 0, 0, 0, 0, 0, 0, 0, 0], [0, 0, 0, 0, 0, 0, 0, 0, 0], [0, 0, 0, 0, 0, 0, 0, 0, 0], [0, 0, 0, 0, 0, 0, 0, 0, 0]], "output": [[0, 0, 3, 3, 3, 3, 0, 0], [0, 0, 3, 3, 3, 3, 0, 0], [3, 3, 3, 3, 3, 3, 3, 3], [3, 3, 3, 3, 3, 3, 3, 3], [0, 0, 3, 3, 3, 3, 0, 0], [0, 0, 3, 3, 3, 3, 0, 0]]}, {"input": [[0, 0, 0, 0, 0, 0, 0, 0, 0], [0, 0, 0, 0, 3, 0, 0, 0, 0], [0, 0, 0, 3, 3, 0, 0, 0, 0], [0, 0, 0, 0, 0, 3, 0, 0, 0], [0, 0, 0, 0, 0, 0, 0, 0, 0], [0, 0, 0, 0, 0, 0, 0, 0, 0], [0, 0, 0, 0, 0, 0, 0, 0, 0], [0, 0, 0, 0, 0, 0, 0, 0, 0], [0, 0, 0, 0, 0, 0, 0, 0, 0]], "output": [[0, 0, 3, 3, 0, 0], [0, 0, 3, 3, 0, 0], [3, 3, 3, 3, 0, 0], [3, 3, 3, 3, 0, 0], [0, 0, 0, 0, 3, 3], [0, 0, 0, 0, 3, 3]]}, {"input": [[0, 0, 0, 0, 0, 0, 0, 0, 0], [0, 0, 0, 0, 0, 0, 0, 0, 0], [0, 0, 0, 0, 0, 0, 0, 0, 0], [0, 0, 0, 0, 0, 0, 0, 0, 0], [0, 0, 3, 0, 0, 0, 0, 0, 0], [0, 3, 3, 0, 0, 0, 0, 0, 0], [0, 0, 3, 0, 0, 0, 0, 0, 0], [0, 0, 3, 3, 0, 0, 0, 0, 0], [0, 0, 0, 0, 0, 0, 0, 0, 0]], "output": [[0, 0, 3, 3, 0, 0], [0, 0, 3, 3, 0, 0], [3, 3, 3, 3, 0, 0], [3, 3, 3, 3, 0, 0], [0, 0, 3, 3, 0, 0], [0, 0, 3, 3, 0, 0], [0, 0, 3, 3, 3, 3], [0, 0, 3, 3, 3, 3]]}]}